bank,category,title,url
中國信託,精選．中信卡優惠,刷一筆送Uber One,https://mkt.ctbcbank.com/long/creditcard/UberEats/index.html
中國信託,精選．中信卡優惠,麥當勞APP點餐,https://mkt.ctbcbank.com/long/creditcard/mcdonalds/index.html
中國信託,精選．中信卡優惠,王品集團最高8%,https://www.ctbcbank.com/content/dam/minisite/long/creditcard/wowapp/index.html
中國信託,精選．中信卡優惠,最適合旅行的季節,https://www.ctbcbank.com/content/dam/minisite/long/creditcard/NB2023031012/index.html
中國信託,精選．中信卡優惠,東南旅遊,https://www.settour.com.tw/act/gfg/china/hongkong/index.html
中國信託,精選．中信卡優惠,肯驛旅遊,https://callcarbar.canlead.com.tw/campaign/202505_ctbc_airport_hsr.aspx
中國信託,精選．中信卡優惠,雅詩蘭黛週年慶,https://mkt.ctbcbank.com/recent/202512/N2025091500013_02-15/index.html
中國信託,精選．中信卡優惠,加入點燃生命之火,https://www.ctbcfoundation.org/light-up-a-life/index.aspx?utm_source=ctbc_bill&utm_medium=ctbc_careditcardnews&utm_campaign=41th_KV1
中國信託,精選．中信卡優惠,中信卡消費分期,https://mkt.ctbcbank.com/recent/202512/N2024120900020_01-31/index.html
中國信託,精選．中信卡優惠,寶雅週四中信日,https://mkt.ctbcbank.com/recent/202512/N2025082200027_02-31/index.html
中國信託,精選．中信卡優惠,IKEA,https://mkt.ctbcbank.com/long/creditcard/NB2023071315/index.html
中國信託,精選．中信卡優惠,宜得利家居,https://mkt.ctbcbank.com/long/creditcard/N2024121600005_03/index.html
中國信託,精選．中信卡優惠,藥妝採購日,https://www.ctbcbank.com/content/dam/minisite/long/creditcard/beauty/index.html
中國信託,精選．中信卡優惠,維康醫療用品,https://mkt.ctbcbank.com/recent/202512/N2025073000008_01-31/index.html
中國信託,精選．中信卡優惠,寶島眼鏡,https://mkt.ctbcbank.com/recent/202509/N2025062400020_02/index.html
中國信託,精選．中信卡優惠,網購平台每月優惠,https://www.ctbcbank.com/content/dam/minisite/long/creditcard/online-shopping/index.html
中國信託,精選．中信卡優惠,準備好脫單了嗎?,https://www.ctbcbank.com/content/dam/minisite/long/creditcard/withholdlongterm/index.html
中國信託,精選．中信卡優惠,詐騙不打烊,https://www.ctbcbank.com/content/dam/minisite/long/creditcard/scamalert/index.html
中國信託,精選．中信卡優惠,美日韓泰首用這卡,https://www.ctbcbank.com/content/dam/minisite/long/creditcard/LINEPay/page_travel.html#lightbox_overseas
中國信託,精選．中信卡優惠,喜鴻假期,https://www.ctbcbank.com/content/dam/minisite/long/creditcard/TravelPlayer/stroke.html#besttour
中國信託,精選．中信卡優惠,可樂旅遊,https://www.colatour.com.tw/webDM/bankCard/ctbc/discount/sale.html
中國信託,精選．中信卡優惠,越捷航空,https://mkt.ctbcbank.com/recent/202512/N2025082900016_01-31/index.html
中國信託,精選．中信卡優惠,買蘋果系列新機,https://www.ctbcbank.com/content/dam/minisite/long/creditcard/LINEPay/page_life.html#lightbox_studioa
中國信託,精選．中信卡優惠,周四到小北百貨,https://www.ctbcbank.com/content/dam/minisite/long/creditcard/LINEPay/page_life.html#lightbox_showba
中國信託,精選．中信卡優惠,博海旅行社 海島度假,https://ctbc.tw/TRSP10
中國信託,餐飲優惠,47,https://www.ctbcbank.com/content/dam/minisite/long/creditcard/wowapp/index.html
中國信託,餐飲優惠,【中信卡】王品集團全品牌餐廳,https://www.ctbcbank.com/content/dam/minisite/long/creditcard/wowapp/index.html
中國信託,餐飲優惠,【中信卡】台北六福萬怡酒店,https://www.ctbcbank.com/content/dam/minisite/long/creditcard/foodsedm/content1-1.html
中國信託,餐飲優惠,【中信卡】Uber Eats,https://mkt.ctbcbank.com/long/creditcard/UberEats/index.html
中國信託,餐飲優惠,【中信卡】麥當勞,https://mkt.ctbcbank.com/long/creditcard/mcdonalds/index.html
中國信託,餐飲優惠,【中信卡】石二鍋,https://www.ctbcbank.com/content/dam/minisite/long/creditcard/wowapp/index.html
中國信託,餐飲優惠,【中信卡】台北艾麗酒店,https://www.ctbcbank.com/content/dam/minisite/long/creditcard/foodsedm/content1-1.html
中國信託,餐飲優惠,【中信卡】12mini,https://www.ctbcbank.com/content/dam/minisite/long/creditcard/wowapp/index.html
中國信託,餐飲優惠,【中信卡】台北遠東香格里拉,https://www.ctbcbank.com/content/dam/minisite/long/creditcard/foodsedm/content1-1.html
中國信託,餐飲優惠,【中信卡】青花驕麻辣鍋,https://www.ctbcbank.com/content/dam/minisite/long/creditcard/wowapp/index.html
中國信託,餐飲優惠,【中信卡】臺中勤美洲際酒店,https://www.ctbcbank.com/content/dam/minisite/long/creditcard/foodsedm/content1-1.html
中國信託,餐飲優惠,【中信卡】和牛涮 日式鍋物放題,https://www.ctbcbank.com/content/dam/minisite/long/creditcard/wowapp/index.html
中國信託,餐飲優惠,【中信卡】台中李方艾美酒店,https://www.ctbcbank.com/content/dam/minisite/long/creditcard/foodsedm/content1-1.html
中國信託,餐飲優惠,【中信卡】陶板屋 和風創作料理,https://www.ctbcbank.com/content/dam/minisite/long/creditcard/wowapp/index.html
中國信託,餐飲優惠,【中信卡】台糖長榮酒店,https://www.ctbcbank.com/content/dam/minisite/long/creditcard/foodsedm/content1-1.html
中國信託,餐飲優惠,【中信卡】夏慕尼 新香榭鉄板燒,https://www.ctbcbank.com/content/dam/minisite/long/creditcard/wowapp/index.html
中國信託,餐飲優惠,【中信卡】台北凱撒大飯店,https://www.ctbcbank.com/content/dam/minisite/long/creditcard/foodsedm/content1-1.html
中國信託,餐飲優惠,【中信卡】君品酒店,https://www.ctbcbank.com/content/dam/minisite/long/creditcard/foodsedm/content1-1.html?item=4
中國信託,餐飲優惠,【中信卡】TASTy 西堤牛排,https://www.ctbcbank.com/content/dam/minisite/long/creditcard/wowapp/index.html
中國信託,餐飲優惠,【中信卡】福勝亭,https://www.ctbcbank.com/content/dam/minisite/long/creditcard/foodsedm/content2-1.html
中國信託,餐飲優惠,【中信卡】品田牧場,https://www.ctbcbank.com/content/dam/minisite/long/creditcard/wowapp/index.html
中國信託,餐飲優惠,【中信卡】勝博殿,https://www.ctbcbank.com/content/dam/minisite/long/creditcard/foodsedm/content2-1.html
中國信託,餐飲優惠,【中信卡】聚日式鍋物,https://www.ctbcbank.com/content/dam/minisite/long/creditcard/wowapp/index.html
中國信託,餐飲優惠,【中信卡】茹曦酒店,https://www.ctbcbank.com/content/dam/minisite/long/creditcard/foodsedm/content1-1.html
中國信託,餐飲優惠,【中信卡】享鴨 烤鴨與中華料理,https://www.ctbcbank.com/content/dam/minisite/long/creditcard/wowapp/index.html
中國信託,餐飲優惠,【中信卡】板橋凱撒大飯店,https://www.ctbcbank.com/content/dam/minisite/long/creditcard/foodsedm/content1-2.html
中國信託,餐飲優惠,【中信卡】藝奇 日式料理,https://www.ctbcbank.com/content/dam/minisite/long/creditcard/wowapp/index.html
中國信託,餐飲優惠,【中信卡】涓豆腐,https://www.ctbcbank.com/content/dam/minisite/long/creditcard/foodsedm/content2-1.html
中國信託,餐飲優惠,【中信卡】犇 極上 微風信義館,https://www.ctbcbank.com/content/dam/minisite/long/creditcard/foodsedm/content2-2.html
中國信託,餐飲優惠,【中信卡】肉次方燒肉放題,https://www.ctbcbank.com/content/dam/minisite/long/creditcard/wowapp/index.html
中國信託,餐飲優惠,【中信卡】墾丁凱撒大飯店,https://www.ctbcbank.com/content/dam/minisite/long/creditcard/foodsedm/content1-1.html
中國信託,餐飲優惠,【中信卡】原燒 日式燒肉,https://www.ctbcbank.com/content/dam/minisite/long/creditcard/wowapp/index.html
中國信託,餐飲優惠,【中信卡】COLD STONE,https://www.ctbcbank.com/content/dam/minisite/long/creditcard/foodsedm/content6-1.html
中國信託,餐飲優惠,【中信卡】尬鍋台式潮鍋,https://www.ctbcbank.com/content/dam/minisite/long/creditcard/wowapp/index.html
中國信託,餐飲優惠,【中信卡】台北漢普頓酒店,https://www.ctbcbank.com/content/dam/minisite/long/creditcard/foodsedm/content1-1.html
中國信託,餐飲優惠,【中信卡】王品牛排,https://www.ctbcbank.com/content/dam/minisite/long/creditcard/wowapp/index.html
中國信託,餐飲優惠,【中信卡】Mister Donut,https://www.ctbcbank.com/content/dam/minisite/long/creditcard/foodsedm/content6-1.html
中國信託,餐飲優惠,【中信卡】Mega 50,https://www.ctbcbank.com/content/dam/minisite/long/creditcard/foodsedm/content4-1.html
中國信託,餐飲優惠,【中信卡】莆田 PUTIEN,https://www.ctbcbank.com/content/dam/minisite/long/creditcard/wowapp/index.html
中國信託,餐飲優惠,【中信卡】北村豆腐家,https://www.ctbcbank.com/content/dam/minisite/long/creditcard/foodsedm/content2-1.html
中國信託,餐飲優惠,【中信卡】丰禾 台味風格料理,https://www.ctbcbank.com/content/dam/minisite/long/creditcard/wowapp/index.html
中國信託,餐飲優惠,【中信卡】姜滿堂,https://www.ctbcbank.com/content/dam/minisite/long/creditcard/foodsedm/content2-1.html
中國信託,餐飲優惠,【中信卡】向辣 麻辣鍋吃到飽,https://www.ctbcbank.com/content/dam/minisite/long/creditcard/wowapp/index.html
中國信託,餐飲優惠,【中信卡】帕泰家,https://www.ctbcbank.com/content/dam/minisite/long/creditcard/foodsedm/content4-1.html
中國信託,餐飲優惠,【中信卡】阪前鐵板燒,https://www.ctbcbank.com/content/dam/minisite/long/creditcard/wowapp/index.html
中國信託,餐飲優惠,【中信卡】就饗鐵板燒,https://www.ctbcbank.com/content/dam/minisite/long/creditcard/wowapp/index.html
中國信託,餐飲優惠,【中信卡】金咕 韓式原塊烤肉,https://www.ctbcbank.com/content/dam/minisite/long/creditcard/wowapp/index.html
中國信託,旅遊玩家,29,https://mkt.ctbcbank.com/long/creditcard/N2025111800025_01/index.html
中國信託,旅遊玩家,【中信卡】安納塔拉度假會,https://mkt.ctbcbank.com/long/creditcard/N2025111800025_01/index.html
中國信託,旅遊玩家,【中信卡】停車大聲公,https://mkt.ctbcbank.com/long/creditcard/parking/index.html
中國信託,旅遊玩家,【中信卡】租車優惠,https://www.ctbcbank.com/content/dam/minisite/long/creditcard/rental/index.html
中國信託,旅遊玩家,【中信卡】跨境QR分期,https://mkt.ctbcbank.com/long/creditcard/qrjpbic/index.html
中國信託,旅遊玩家,【中信卡】日本優惠,https://www.ctbcbank.com/content/dam/minisite/long/creditcard/TravelPlayer/japan.html
中國信託,旅遊玩家,【中信卡】雄獅旅遊 昆士蘭享折扣,https://lion.tours/zn50rzba
中國信託,旅遊玩家,【中信卡】日本大丸松坂屋百貨,https://ctbc.tw/daimar
中國信託,旅遊玩家,【中信卡】日本Snow Peak,https://ctbc.tw/snowjp
中國信託,旅遊玩家,【中信卡】旅遊玩家,https://www.ctbcbank.com/content/dam/minisite/long/creditcard/TravelPlayer/index.html
中國信託,旅遊玩家,【中信卡】可樂旅遊 高鐵假期,https://www.ctbcbank.com/content/dam/minisite/long/creditcard/TravelPlayer/stroke.html#cola
中國信託,旅遊玩家,【中信卡】天天Holiday,https://www.ctbcbank.com/content/dam/minisite/long/creditcard/TravelPlayer/holiday/hol-n.html
中國信託,旅遊玩家,【中信卡】力麗哲園飯店,https://www.ctbcbank.com/content/dam/minisite/long/creditcard/TravelPlayer/holiday/hol-c.html#h-c-8
中國信託,旅遊玩家,【中信卡】力麗儷山林會館 日月潭館,https://www.ctbcbank.com/content/dam/minisite/long/creditcard/TravelPlayer/holiday/hol-c.html#h-c-9
中國信託,旅遊玩家,【中信卡】日月潭力麗溫德姆溫酒店,https://www.ctbcbank.com/content/dam/minisite/long/creditcard/TravelPlayer/holiday/hol-c.html#h-c-10
中國信託,旅遊玩家,【中信卡】日暉國際渡假村,https://www.ctbcbank.com/content/dam/minisite/long/creditcard/TravelPlayer/holiday/hol-e.html#h-e-5
中國信託,旅遊玩家,【中信卡】可樂旅遊 Club Med,https://www.colatour.com.tw/webDM/bankCard/ctbc/theme/sale.html?utm_campaign=bankcamp&utm_medium=payAD&utm_source=ctbc&utm_content=ctbcEDM
中國信託,旅遊玩家,【中信卡】五福旅遊,https://www.ctbcbank.com/content/dam/minisite/long/creditcard/TravelPlayer/stroke.html#lifetour
中國信託,旅遊玩家,【中信卡】喜鴻假期,https://www.ctbcbank.com/content/dam/minisite/long/creditcard/TravelPlayer/stroke.html#besttour
中國信託,旅遊玩家,【中信卡】可樂旅遊 日本旅遊,https://www.colatour.com.tw/webDM/bankCard/ctbc/discount/sale.html?utm_campaign=bankcamp&utm_medium=payad&utm_source=ctbc&utm_content=ctbcEDM
中國信託,旅遊玩家,【中信卡】中國東方航空,https://www.ceair.com/global/hk_TWD/landing/202508/t20250801_28705.html
中國信託,旅遊玩家,【中信卡】宿之酒店臻品之選,https://www.ctbcbank.com/content/dam/minisite/long/creditcard/TravelPlayer/holiday/hol-n.html#h-n-6
中國信託,旅遊玩家,【中信卡】叫車吧 高鐵假期折1千,https://mkt.ctbcbank.com/long/creditcard/N2025081200008_01/index.html
中國信託,旅遊玩家,【中信卡】萬豪度假會,https://mkt.ctbcbank.com/long/creditcard/N2025081800023_01/index.html
中國信託,旅遊玩家,【中信卡】東南旅遊 輕奢玩香港,https://www.settour.com.tw/act/gfg/china/hongkong/index.html
中國信託,旅遊玩家,【中信卡】易遊網 中信機票日,https://mkt.ctbcbank.com/recent/202512/N2025062600041_01-31/index.html
中國信託,旅遊玩家,【中信卡】旅遊消費滿額送好禮,https://www.ctbcbank.com/content/dam/minisite/long/creditcard/TravelSP/index.html
中國信託,旅遊玩家,【中信卡】易遊網 高鐵國旅聯票,https://activity.eztravel.com.tw/activity/thsr/
中國信託,旅遊玩家,【中信卡】肯驛休閒旅遊,https://www.freeliving.com.tw/EVENT/ctbcrewards/
中國信託,旅遊玩家,【中信卡】日本永旺九州,https://ctbc.tw/JAPAN3
中國信託,百貨藥妝,25,https://mkt.ctbcbank.com/recent/202509/N2025062400020_02/index.html
中國信託,百貨藥妝,【中信卡】寶島眼鏡,https://mkt.ctbcbank.com/recent/202509/N2025062400020_02/index.html
中國信託,百貨藥妝,【中信卡】耆妙屋,https://mkt.ctbcbank.com/recent/202512/N2025081900013_01-31/index.html
中國信託,百貨藥妝,【中信卡】POYA寶雅,https://mkt.ctbcbank.com/recent/202512/N2025082200027_02-31/index.html
中國信託,百貨藥妝,【中信卡】藥妝採購日,https://www.ctbcbank.com/content/dam/minisite/long/creditcard/beauty/index.html
中國信託,百貨藥妝,【中信卡】香草集,https://mkt.ctbcbank.com/recent/202612/N2025121800014_02-31/index.html
中國信託,百貨藥妝,【中信卡】購新衣,https://mkt.ctbcbank.com/long/creditcard/NB2023061218/index.html
中國信託,百貨藥妝,【中信卡】勤美 誠品綠園道,https://parklane.com.tw/
中國信託,百貨藥妝,【中信卡】金典 綠園道商場,https://parklanes.com.tw/
中國信託,百貨藥妝,【中信卡】台北101購物中心,https://www.taipei-101.com.tw/
中國信託,百貨藥妝,【中信卡】漢神百貨,https://www.hanshin.com.tw/
中國信託,百貨藥妝,【中信卡】南紡購物中心,http://www.tsrd.com.tw/
中國信託,百貨藥妝,【中信卡】環球購物中心,https://www.twglobalmall.com/
中國信託,百貨藥妝,【中信卡】大葉髙島屋,http://www.dayeh-takashimaya.com.tw
中國信託,百貨藥妝,【中信卡】遠東SOGO,https://www.sogo.com.tw
中國信託,百貨藥妝,【中信卡】遠東百貨,https://www.feds.com.tw/
中國信託,百貨藥妝,【中信卡】漢神巨蛋購物廣場,http://www.hanshinarena.com.tw
中國信託,百貨藥妝,【中信卡】統一時代百貨,http://www.uni-ustyle.com.tw/
中國信託,百貨藥妝,【中信卡】京站時尚廣場,https://www.qsquare.com.tw/
中國信託,百貨藥妝,【中信卡】廣三SOGO,http://www.kssogo.com.tw/
中國信託,百貨藥妝,【中信卡】耐斯廣場購物中心,http://www.niceplaza.com.tw/
中國信託,百貨藥妝,【中信卡】太平洋百貨豐原店,https://fy.pacific-mall.com.tw
中國信託,百貨藥妝,【中信卡】太平洋百貨屏東店,http://pd.pacific-mall.com.tw
中國信託,百貨藥妝,【中信卡】維康醫療用品,https://ctbc.tw/well25
中國信託,超商量販,6,https://mkt.ctbcbank.com/long/creditcard/hypermarket/index.html
中國信託,超商量販,【中信卡】大全聯滿額享回饋,https://mkt.ctbcbank.com/long/creditcard/hypermarket/index.html
中國信託,超商量販,【中信卡】特力屋,https://mkt.ctbcbank.com/recent/202602/N2025112600007_01-24/index.html
中國信託,超商量販,【中信卡】大漢家具,https://mkt.ctbcbank.com/recent/202512/N2025081300006_01-31/index.html
中國信託,超商量販,【中信卡】IKEA,https://mkt.ctbcbank.com/long/creditcard/NB2023071315/index.html
中國信託,超商量販,【中信卡】宜得利,https://mkt.ctbcbank.com/long/creditcard/N2024121600005_03/index.html
中國信託,超商量販,【中信卡】聖德科斯生機食品,http://www.santacruz.com.tw/
中國信託,線上購物,【中信卡】電商最新活動,https://www.ctbcbank.com/content/dam/minisite/long/creditcard/online-shopping/index.html
中國信託,線上購物,【中信卡】力曼分期滿額禮,https://mall.riman.tw/
中國信託,線上購物,【中信卡】博客來,https://www.ctbcbank.com/content/dam/minisite/long/creditcard/online-shopping/index.html
中國信託,線上購物,【中信卡】CTMall紅利市集,http://www.ctmall.com.tw
中國信託,線上購物,【中信卡】蝦皮,https://www.ctbcbank.com/content/dam/minisite/long/creditcard/online-shopping/index.html
中國信託,更多優惠,35,https://mkt.ctbcbank.com/long/creditcard/parking/index.html
中國信託,更多優惠,【中信卡】保費滿額送kkday折價券,https://mkt.ctbcbank.com/long/creditcard/N2025092500023_01/index.html
中國信託,更多優惠,【中信卡】生活繳費,https://mkt.ctbcbank.com/long/creditcard/withholdedm/index.html
中國信託,更多優惠,【中信卡】公用事業費,https://www.ctbcbank.com/content/dam/minisite/long/creditcard/withholdlongterm/index.html
中國信託,更多優惠,【中信卡】Apple Store直營店/線上商店,https://mkt.ctbcbank.com/long/creditcard/new3Cplatform/index.html
中國信託,更多優惠,【中信卡】免附財力也可調額,https://mkt.ctbcbank.com/long/creditcard/N2025010300028_01/index.html
中國信託,更多優惠,【中信卡】台灣大車隊,http://www.taiwantaxi.com.tw/
中國信託,更多優惠,【中信卡】寶寶的室內樂,https://www.opentix.life/event/1972962619617595393
中國信託,更多優惠,【中信卡】中華電信費,https://www.ctbcbank.com/content/dam/minisite/long/creditcard/chunghwa/index.html
中國信託,更多優惠,【中信卡】QR分期0利率,https://www.ctbcbank.com/content/dam/minisite/long/creditcard/Q0000/index.html
中國信託,更多優惠,【中信卡】全國電子,https://mkt.ctbcbank.com/long/creditcard/new3Cplatform/index.html
中國信託,更多優惠,【中信卡】路邊停車費,https://www.ctbcbank.com/content/dam/minisite/long/creditcard/NB2019081521/index.html
中國信託,更多優惠,【中信卡】3C優惠,https://mkt.ctbcbank.com/long/creditcard/new3Cplatform/index.html
中國信託,更多優惠,【中信卡】台灣中油,https://www.cpc.com.tw/
中國信託,更多優惠,誠品生活,https://www.ctbcbank.com/content/dam/minisite/long/creditcard/eslitelife/index.html
中國信託,更多優惠,【中信卡】墊腳石圖書,http://www.steppingstone.com.tw
中國信託,更多優惠,【中信卡】中興嘟嘟房停車場,http://www.dodohome.com.tw
中國信託,更多優惠,【中信卡】台灣聯通停車場,http://www.taiwan-parking.com.tw
中國信託,更多優惠,【中信卡】ViVi PARK,http://www.vivi-park.com
中國信託,更多優惠,【中信卡】白永恩神父基金會,https://www.beunen.org.tw/contents/text?id=54
中國信託,更多優惠,【中信卡】BEING spa,https://www.beingspa.com.tw/index.php
中國信託,更多優惠,【中信卡】BEING sport,https://www.beingsport.com.tw/
中國信託,更多優惠,【中信卡】BEING fit,https://www.beingfit.com.tw/
中國信託,更多優惠,【中信卡】中信特攻籃球隊,https://mkt.ctbcbank.com/long/creditcard/baseketball/index.html
中國信託,更多優惠,【中信卡】臺北戲棚,https://www.taipeieye.com/tw
中國信託,更多優惠,【中信卡】那一年，我們下凡,https://www.opentix.life/event/1899268074135425025
中國信託,更多優惠,【中信卡】優人神鼓,https://www.opentix.life/event/1957362887696404481
中國信託,更多優惠,【中信卡】總督影城,https://www.governor.com.tw/
中國信託,更多優惠,【中信卡】哈拉影城,http://www.halarcity.com/
中國信託,更多優惠,【中信卡】衛武營,https://www.opentix.life/o/weiwuying
中國信託,更多優惠,【中信卡】臺中國家歌劇院,https://www.npac-ntt.org/index
中國信託,更多優惠,【中信卡】高雄環球影城,https://www.u-movie.com.tw/cinema/page.php?page_type=now&ver=tw&portal=cinema
國泰世華,信用卡優惠,信用卡,https://www.cathay-cube.com.tw/cathaybk/personal/event/overview?category=credit-card
國泰世華,信用卡優惠,數位服務,https://www.cathay-cube.com.tw/cathaybk/personal/event/overview?category=digital-service
國泰世華,信用卡優惠,"日本大丸百貨福岡天神店刷CUBE信用卡
領券消費享7.8%小樹點(信用卡)回饋無上限",https://www.cathay-cube.com.tw/content/cub-aem-cs/zh-tw/cathaybk/personal/event/overview/credit-card/shopping/202507/Daimaru2025H2.html
國泰世華,信用卡優惠,爸媽專屬！攜手孩子開戶，解鎖高達 10%親子通路回饋！,https://www.cathay-cube.com.tw/content/cub-aem-cs/zh-tw/cathaybk/personal/event/overview/credit-card/shopping/202601/2026familypillar.html
國泰世華,信用卡優惠,屈臣氏官方網路商店/APP，單筆滿額現折NT$110,https://www.cathay-cube.com.tw/content/cub-aem-cs/zh-tw/cathaybk/personal/event/overview/credit-card/shopping/202601/2026-watsons-ec-01.html
國泰世華,信用卡優惠,"屈臣氏官方網路商店/APP
刷CUBE信用卡最高享5.3%回饋",https://www.cathay-cube.com.tw/content/cub-aem-cs/zh-tw/cathaybk/personal/event/overview/credit-card/shopping/202601/2026-watsons-ec-cube-h1.html
國泰世華,信用卡優惠,屈臣氏每週二卡友日,https://www.cathay-cube.com.tw/content/cub-aem-cs/zh-tw/cathaybk/personal/event/overview/credit-card/shopping/202601/2026-watsons-bankday-h1.html
國泰世華,信用卡優惠,"遠東百貨生日慶
首11日全館最高享5%回饋",https://www.cathay-cube.com.tw/content/cub-aem-cs/zh-tw/cathaybk/personal/event/overview/credit-card/shopping/202601/feds2026q1.html
國泰世華,信用卡優惠,蝦皮購物聯名卡加碼,https://www.cathay-cube.com.tw/content/cub-aem-cs/zh-tw/cathaybk/personal/event/overview/credit-card/online-shopping/202410/sp-permonth.html
國泰世華,信用卡優惠,CUBE慶生月踩點吉章,https://www.cathay-cube.com.tw/content/cub-aem-cs/zh-tw/cathaybk/personal/event/overview/credit-card/dining/202601/cube_birthday_202601.html
國泰世華,信用卡優惠,台塑聯名卡加油滿額登錄送,https://www.cathay-cube.com.tw/content/cub-aem-cs/zh-tw/cathaybk/personal/event/overview/credit-card/transportation/2026/formosa-promotion2026.html
國泰世華,信用卡優惠,國泰世華卡指定油站享加油降價優惠,https://www.cathay-cube.com.tw/content/cub-aem-cs/zh-tw/cathaybk/personal/event/overview/credit-card/transportation/2026/GasStation2026.html
國泰世華,信用卡優惠,"台塑聯名卡
站內加油每公升折抵2元",https://www.cathay-cube.com.tw/content/cub-aem-cs/zh-tw/cathaybk/personal/event/overview/credit-card/transportation/2026/formosa_point.html
國泰世華,信用卡優惠,長榮極致無限卡專享年消費達檻受邀換發金屬卡面,https://www.cathay-cube.com.tw/content/cub-aem-cs/zh-tw/cathaybk/personal/event/overview/credit-card/travel/202401/metalcard.html
國泰世華,信用卡優惠,CUBE信用卡 & Hotels.com全球訂房享5%小樹點(信用卡)回饋｜國泰世華信用卡優惠活動,https://www.cathay-cube.com.tw/content/cub-aem-cs/zh-tw/cathaybk/personal/event/overview/credit-card/travel/202601/Hotelscom.html
國泰世華,信用卡優惠,國泰世華信用卡 & Expedia全球訂房享優惠，帶你玩遍全世界！,https://www.cathay-cube.com.tw/content/cub-aem-cs/zh-tw/cathaybk/personal/event/overview/credit-card/travel/202601/Expedia.html
國泰世華,信用卡優惠,國泰世華信用卡 & Hotels.com全球訂房享優惠｜國泰世華信用卡優惠活動,https://www.cathay-cube.com.tw/content/cub-aem-cs/zh-tw/cathaybk/personal/event/overview/credit-card/travel/202601/Hotelscom2.html
國泰世華,信用卡優惠,國泰世華信用卡 & AsiaYo 年度卡友優惠(限App)｜國泰世華信用卡優惠活動,https://www.cathay-cube.com.tw/content/cub-aem-cs/zh-tw/cathaybk/personal/event/overview/credit-card/travel/202601/AsiaYo.html
國泰世華,信用卡優惠,CUBE 信用卡 & 可樂旅遊專屬優惠｜國泰世華信用卡優惠活動,https://www.cathay-cube.com.tw/content/cub-aem-cs/zh-tw/cathaybk/personal/event/overview/credit-card/travel/202601/colatour.html
國泰世華,信用卡優惠,國泰世華信用卡 & 東南旅行社專屬優惠｜國泰世華信用卡優惠活動,https://www.cathay-cube.com.tw/content/cub-aem-cs/zh-tw/cathaybk/personal/event/overview/credit-card/travel/202601/Settour.html
國泰世華,信用卡優惠,CUBE 信用卡 & Agoda 專屬優惠｜國泰世華信用卡優惠活動,https://www.cathay-cube.com.tw/content/cub-aem-cs/zh-tw/cathaybk/personal/event/overview/credit-card/travel/202601/Agoda2026.html
國泰世華,信用卡優惠,國泰世華卡 & 雄獅旅遊專屬優惠｜國泰世華卡優惠活動,https://www.cathay-cube.com.tw/content/cub-aem-cs/zh-tw/cathaybk/personal/event/overview/credit-card/travel/202601/Liontravel2026.html
國泰世華,信用卡優惠,國泰世華信用卡 & Trip.com年度卡友優惠｜國泰世華信用卡優惠活動,https://www.cathay-cube.com.tw/content/cub-aem-cs/zh-tw/cathaybk/personal/event/overview/credit-card/travel/202601/Tripcom.html
國泰世華,信用卡優惠,eTag自動儲值/eTag智慧停車服務,https://www.cathay-cube.com.tw/content/cub-aem-cs/zh-tw/cathaybk/personal/event/overview/credit-card/payment/2025/eparking.html
國泰世華,信用卡優惠,"刷 CUBE 信用卡刷保費
最高1.2%回饋或12期0利率",https://www.cathay-cube.com.tw/content/cub-aem-cs/zh-tw/cathaybk/personal/event/overview/credit-card/payment/2026/2026insh1.html
國泰世華,信用卡優惠,國泰優惠CUBE Rewards App兌換票券/商品,https://www.cathay-cube.com.tw/content/cub-aem-cs/zh-tw/cathaybk/personal/event/overview/credit-card/bonus/202405/_app_.html
國泰世華,信用卡優惠,"小樹點(信用卡)抵停車費
最經濟的消費體驗",https://www.cathay-cube.com.tw/content/cub-aem-cs/zh-tw/cathaybk/personal/event/overview/credit-card/bonus/product/parkingfee.html
國泰世華,信用卡優惠,小樹點(信用卡)折抵申購基金手續費 最靈活的點數應用,https://www.cathay-cube.com.tw/content/cub-aem-cs/zh-tw/cathaybk/personal/event/overview/credit-card/bonus/product/pointforfundfee.html
國泰世華,信用卡優惠,點數兌換U.First全球貴賓室,https://www.cathay-cube.com.tw/content/cub-aem-cs/zh-tw/cathaybk/personal/event/overview/credit-card/bonus/product/viproom.html
國泰世華,信用卡優惠,點數轉換航空里程/飯店積分好優惠,https://www.cathay-cube.com.tw/content/cub-aem-cs/zh-tw/cathaybk/personal/event/overview/credit-card/bonus/point-exchange/airmiles.html
國泰世華,信用卡優惠,小樹點(信用卡)兌換台灣高鐵會員TGo點數,https://www.cathay-cube.com.tw/content/cub-aem-cs/zh-tw/cathaybk/personal/event/overview/credit-card/bonus/point-exchange/tgopoint.html
國泰世華,信用卡優惠,小樹點(信用卡)累積辦法,https://www.cathay-cube.com.tw/content/cub-aem-cs/zh-tw/cathaybk/personal/event/overview/credit-card/bonus/rule/conditions.html
國泰世華,信用卡優惠,"小樹點(信用卡)及
小樹點(生活)FAQ",https://www.cathay-cube.com.tw/content/cub-aem-cs/zh-tw/cathaybk/personal/event/overview/credit-card/bonus/rule/faq.html
國泰世華,信用卡優惠,小樹點(信用卡) 指定商戶折抵,https://www.cathay-cube.com.tw/content/cub-aem-cs/zh-tw/cathaybk/personal/event/overview/credit-card/bonus/rule/redemption.html
國泰世華,信用卡優惠,國泰世華信用卡 & Klook 全站滿萬折千｜國泰世華信用卡優惠活動,https://www.cathay-cube.com.tw/content/cub-aem-cs/zh-tw/cathaybk/personal/event/overview/credit-card/travel/202512/KlookQ4lastcall.html
國泰世華,信用卡優惠,全家便利商店實體門市 滿額贈Fa點活動,https://www.cathay-cube.com.tw/content/cub-aem-cs/zh-tw/cathaybk/personal/event/overview/credit-card/shopping/202512/202512_Familymart.html
國泰世華,信用卡優惠,大全聯刷國泰世華信用卡單筆消費滿額享加碼回饋,https://www.cathay-cube.com.tw/content/cub-aem-cs/zh-tw/cathaybk/personal/event/overview/credit-card/shopping/202511/RTMart_202511.html
國泰世華,信用卡優惠,"蝦皮購物 12月狂購盛典
(12/16~12/31)",https://www.cathay-cube.com.tw/content/cub-aem-cs/zh-tw/cathaybk/personal/event/overview/credit-card/online-shopping/202512/shopee202512_2.html
國泰世華,信用卡優惠,momo購物網 分期刷卡優惠 (12/16-12/31),https://www.cathay-cube.com.tw/content/cub-aem-cs/zh-tw/cathaybk/personal/event/overview/credit-card/online-shopping/202512/momo202512_3.html
國泰世華,信用卡優惠,PChome 24h購物網 刷卡優惠 (12/16-12/31),https://www.cathay-cube.com.tw/content/cub-aem-cs/zh-tw/cathaybk/personal/event/overview/credit-card/online-shopping/202512/pchomeonline202512_3.html
國泰世華,信用卡優惠,《2026 大港開唱 X 國泰世華 》,https://www.cathay-cube.com.tw/content/cub-aem-cs/zh-tw/cathaybk/personal/event/overview/credit-card/entertainment/2025/megaportfestival2026.html
國泰世華,信用卡優惠,【兌換完畢】2026大港開唱 購票資格！,https://www.cathay-cube.com.tw/content/cub-aem-cs/zh-tw/cathaybk/personal/event/overview/credit-card/bonus/product/2026Megaport.html
國泰世華,信用卡優惠,守護你的冬季美力元氣！屈臣氏領券刷CUBE信用卡最高享7.3%回饋,https://www.cathay-cube.com.tw/content/cub-aem-cs/zh-tw/cathaybk/personal/event/overview/credit-card/shopping/202512/2025_Virus.html
國泰世華,信用卡優惠,蝦皮購物_CUBE信用卡限時加碼(12/12),https://www.cathay-cube.com.tw/content/cub-aem-cs/zh-tw/cathaybk/personal/event/overview/credit-card/online-shopping/202512/shopee202512_CUBE.html
國泰世華,信用卡優惠,亞洲萬里通聯名卡，海外實體消費里數2倍贈，最優享5元=1里!,https://www.cathay-cube.com.tw/content/cub-aem-cs/zh-tw/cathaybk/personal/event/overview/credit-card/travel/202512/AM-2025-travel.html
國泰世華,信用卡優惠,"亞洲萬里通聯名卡，煥新享里，最高贈10,000里數!",https://www.cathay-cube.com.tw/content/cub-aem-cs/zh-tw/cathaybk/personal/event/overview/credit-card/travel/202512/AM202512-NEW.html
國泰世華,信用卡優惠,"蝦皮購物 12月雙12強檔
(12/9~12/14)",https://www.cathay-cube.com.tw/content/cub-aem-cs/zh-tw/cathaybk/personal/event/overview/credit-card/online-shopping/202512/shopee202512_3.html
國泰世華,信用卡優惠,"國泰世華萬事達卡世界卡邀您觀戰
dip呈獻：2026 世界棒球經典賽TM 東京組",https://www.cathay-cube.com.tw/content/cub-aem-cs/zh-tw/cathaybk/personal/event/overview/credit-card/bonus/product/worldcard-2026wbc.html
國泰世華,信用卡優惠,"【全聯卡友日】週末刷CUBE信用卡單筆滿1,200元享最高5%回饋",https://www.cathay-cube.com.tw/content/cub-aem-cs/zh-tw/cathaybk/personal/event/overview/credit-card/shopping/202512/PXMart_202512.html
國泰世華,信用卡優惠,2026 大港開唱Ｘ國泰世華銀行,https://www.cathay-cube.com.tw/content/cub-aem-cs/zh-tw/cathaybk/personal/event/overview/credit-card/entertainment/2026/megaportfestival.html
國泰世華,信用卡優惠,CUBE信用卡首次綁定LINE Pay消費，累積滿200元贈50點小樹點(信用卡),https://www.cathay-cube.com.tw/content/cub-aem-cs/zh-tw/cathaybk/personal/event/overview/credit-card/newcard/2025/2025newlinepay.html
國泰世華,信用卡優惠,"咚刷一波!
DON DON DONKI 領券刷CUBE信用卡滿千享最高回饋10%",https://www.cathay-cube.com.tw/content/cub-aem-cs/zh-tw/cathaybk/personal/event/overview/credit-card/shopping/202512/donki202512.html
國泰世華,信用卡優惠,康是美網購eShop,https://www.cathay-cube.com.tw/content/cub-aem-cs/zh-tw/cathaybk/personal/event/overview/credit-card/shopping/202512/cosmed_eshop_202512_special_discount.html
國泰世華,信用卡優惠,"萌寵召集令!
魚中魚刷CUBE信用卡享最高5.3%回饋",https://www.cathay-cube.com.tw/content/cub-aem-cs/zh-tw/cathaybk/personal/event/overview/credit-card/shopping/202512/202512petsmall.html
國泰世華,信用卡優惠,"萌寵召集令!
寵物好事刷CUBE信用卡享最高5.3%回饋",https://www.cathay-cube.com.tw/content/cub-aem-cs/zh-tw/cathaybk/personal/event/overview/credit-card/shopping/202512/202512Happypet.html
國泰世華,信用卡優惠,"萌寵召集令!
領券 刷CUBE信用卡享最高5.3%回饋",https://www.cathay-cube.com.tw/content/cub-aem-cs/zh-tw/cathaybk/personal/event/overview/credit-card/shopping/202512/202512pets.html
國泰世華,信用卡優惠,"萌寵召集令!
東森寵物刷CUBE信用卡享最高5.3%回饋",https://www.cathay-cube.com.tw/content/cub-aem-cs/zh-tw/cathaybk/personal/event/overview/credit-card/shopping/202512/202512etpets.html
國泰世華,信用卡優惠,"Coupang酷澎 雙12刷卡優惠
(12/1~12/15)",https://www.cathay-cube.com.tw/content/cub-aem-cs/zh-tw/cathaybk/personal/event/overview/credit-card/online-shopping/202512/Coupang202512.html
國泰世華,信用卡優惠,"蝦皮購物12月購物嘉年華
(12/1~12/15)",https://www.cathay-cube.com.tw/content/cub-aem-cs/zh-tw/cathaybk/personal/event/overview/credit-card/online-shopping/202512/shopee202512_1.html
國泰世華,信用卡優惠,"小樹購 雙12領券加碼
CUBE信用卡最高10.3%回饋",https://www.cathay-cube.com.tw/content/cub-aem-cs/zh-tw/cathaybk/personal/event/overview/credit-card/online-shopping/202512/Treebuy202512.html
國泰世華,信用卡優惠,aeroride台灣快綫全站刷CUBE信用卡最高享8%回饋,https://www.cathay-cube.com.tw/content/cub-aem-cs/zh-tw/cathaybk/personal/event/overview/credit-card/travel/202510/Aeroride2025Q4.html
國泰世華,信用卡優惠,KTV歡唱練唱刷CUBE信用卡最高10.3%小樹點(信用卡)回饋,https://www.cathay-cube.com.tw/content/cub-aem-cs/zh-tw/cathaybk/personal/event/overview/credit-card/entertainment/2025/KTV.html
國泰世華,信用卡優惠,小樹點(信用卡)兌換Whoscall 1個月進階版會員,https://www.cathay-cube.com.tw/content/cub-aem-cs/zh-tw/cathaybk/personal/event/overview/credit-card/bonus/product/pointexchange-whoscall.html
國泰世華,信用卡優惠,CUBE信用卡綁定LINE Pay消費8筆享最高2%回饋,https://www.cathay-cube.com.tw/content/cub-aem-cs/zh-tw/cathaybk/personal/event/overview/credit-card/bonus/202511/2025linepay.html
國泰世華,信用卡優惠,"台北101歡慶聖誕跨年
刷卡滿額最高8%回饋",https://www.cathay-cube.com.tw/content/cub-aem-cs/zh-tw/cathaybk/personal/event/overview/credit-card/shopping/202511/101xmas.html
國泰世華,信用卡優惠,【點數兌換】JOLIN 蔡依林 PLEASURE世界巡迴演唱會 TAIPEI 2025-2026 購票資格！,https://www.cathay-cube.com.tw/content/cub-aem-cs/zh-tw/cathaybk/personal/event/overview/credit-card/bonus/product/concert_Jolin.html
國泰世華,信用卡優惠,世界卡專屬│人氣餐廳專屬席次,https://www.cathay-cube.com.tw/content/cub-aem-cs/zh-tw/cathaybk/personal/event/overview/credit-card/dining/202511/worldcard-inlinevip.html
國泰世華,信用卡優惠,肯德基 | 必勝客 專屬連結訂餐享優惠,https://www.cathay-cube.com.tw/content/cub-aem-cs/zh-tw/cathaybk/personal/event/overview/credit-card/dining/202507/JARDINE-FOOD.html
國泰世華,信用卡優惠,臺虎精釀CUBE卡友快樂升級！臺虎精釀新店開幕CUBE卡友專屬杯兌換，CUBE App 領券再享5%小樹點 (信用卡) 加碼回饋,https://www.cathay-cube.com.tw/content/cub-aem-cs/zh-tw/cathaybk/personal/event/overview/credit-card/dining/202511/TAIHU.html
國泰世華,信用卡優惠,訂閱Disney+最高享13.3%回饋!,https://www.cathay-cube.com.tw/content/cub-aem-cs/zh-tw/cathaybk/personal/event/overview/credit-card/entertainment/2025/CUBE_Disney-Plus.html
國泰世華,信用卡優惠,國泰世華銀行 JOLIN 蔡依林 PLEASURE世界巡迴演唱會 TAIPEI 2025-2026,https://www.cathay-cube.com.tw/content/cub-aem-cs/zh-tw/cathaybk/personal/event/overview/credit-card/entertainment/2025/JOLIN.html
國泰世華,信用卡優惠,"為愛車提供全面保障！
投保車險刷CUBE卡最高4.5%回饋",https://www.cathay-cube.com.tw/content/cub-aem-cs/zh-tw/cathaybk/personal/event/overview/credit-card/transportation/2025/car_insurance_2025.html
國泰世華,信用卡優惠,【青年專屬】 CUBE信用卡大禮包,https://www.cathay-cube.com.tw/content/cub-aem-cs/zh-tw/cathaybk/personal/event/overview/credit-card/shopping/2025/2025Q4youthCUBECardCoupon.html
國泰世華,信用卡優惠,台灣虎航全航線刷CUBE信用卡最優 95折！,https://www.cathay-cube.com.tw/content/cub-aem-cs/zh-tw/cathaybk/personal/event/overview/credit-card/travel/202510/tigerair25Q4.html
國泰世華,信用卡優惠,"海外消費就刷國泰世華世界卡
VIP尊享加碼回饋！",https://www.cathay-cube.com.tw/content/cub-aem-cs/zh-tw/cathaybk/personal/event/overview/credit-card/travel/202510/worldcardmtrQ4.html
國泰世華,信用卡優惠,"Mitsui Shopping Park LaLaport 臺中
刷卡滿額活動",https://www.cathay-cube.com.tw/content/cub-aem-cs/zh-tw/cathaybk/personal/event/overview/credit-card/shopping/202510/lalaport_taichung.html
國泰世華,信用卡優惠,"Mitsui Shopping Park LaLaport 南港
刷卡滿額活動",https://www.cathay-cube.com.tw/content/cub-aem-cs/zh-tw/cathaybk/personal/event/overview/credit-card/shopping/202510/lalaport_nangang.html
國泰世華,信用卡優惠,OPEN錢包綁定CUBE卡滿額最高享9%回饋,https://www.cathay-cube.com.tw/content/cub-aem-cs/zh-tw/cathaybk/personal/event/overview/credit-card/shopping/202510/OPEN2025Q4.html
國泰世華,信用卡優惠,"全國電子分期滿額˙活動
登錄最高贈2,400元刷卡金",https://www.cathay-cube.com.tw/content/cub-aem-cs/zh-tw/cathaybk/personal/event/overview/credit-card/shopping/202510/elifemall.html
國泰世華,信用卡優惠,寶雅POYA,https://www.cathay-cube.com.tw/content/cub-aem-cs/zh-tw/cathaybk/personal/event/overview/credit-card/shopping/202510/poya_newnew_202510.html
國泰世華,信用卡優惠,"小樹購週三卡友日
CUBE信用卡最高享13.3%回饋",https://www.cathay-cube.com.tw/content/cub-aem-cs/zh-tw/cathaybk/personal/event/overview/credit-card/online-shopping/202510/treebuy2025.html
國泰世華,信用卡優惠,Apple Pay新綁定國泰世華CUBE JCB信用卡活動,https://www.cathay-cube.com.tw/content/cub-aem-cs/zh-tw/cathaybk/personal/event/overview/credit-card/online-shopping/202510/CUBEJCB_ApplePay.html
國泰世華,信用卡優惠,卡友獨家！米其林韓式燒肉「金豬食堂」專屬訂位，刷CUBE信用卡再享最高10.3%回饋,https://www.cathay-cube.com.tw/content/cub-aem-cs/zh-tw/cathaybk/personal/event/overview/credit-card/dining/202505/goldpig.html
國泰世華,信用卡優惠,卡友獨享｜「阿爾法餐飲集團」旗下指定品牌刷CUBE信用卡享最高 13.3% 回饋,https://www.cathay-cube.com.tw/content/cub-aem-cs/zh-tw/cathaybk/personal/event/overview/credit-card/dining/202509/Alpha-Restaurant_2025Q4.html
國泰世華,信用卡優惠,桃園捷運2025Q4乘車優惠活動,https://www.cathay-cube.com.tw/content/cub-aem-cs/zh-tw/cathaybk/personal/event/overview/credit-card/transportation/2025/TYMetroQ4.html
國泰世華,信用卡優惠,Klook旅日商品最高享11.3%小樹點(信用卡)回饋加碼 !,https://www.cathay-cube.com.tw/content/cub-aem-cs/zh-tw/cathaybk/personal/event/overview/credit-card/travel/202510/klook2025Q4promo.html
國泰世華,信用卡優惠,"刷國泰世華萬事達卡
海外消費滿額享最高50%回饋！",https://www.cathay-cube.com.tw/content/cub-aem-cs/zh-tw/cathaybk/personal/event/overview/credit-card/travel/202510/mastercardmtrq4.html
國泰世華,信用卡優惠,小樹點(信用卡)兌換EVOASIS充電金,https://www.cathay-cube.com.tw/content/cub-aem-cs/zh-tw/cathaybk/personal/event/overview/credit-card/bonus/product/pointexchange-EVOASIS.html
國泰世華,信用卡優惠,"新光三越普發1萬限時加碼
搭配週年慶活動超划算",https://www.cathay-cube.com.tw/content/cub-aem-cs/zh-tw/cathaybk/personal/event/overview/credit-card/shopping/202509/skm2025q4.html
國泰世華,信用卡優惠,昇恆昌刷CUBE信用卡 歲末狂歡慶回饋再升級！,https://www.cathay-cube.com.tw/content/cub-aem-cs/zh-tw/cathaybk/personal/event/overview/credit-card/online-shopping/202511/EverRich_2025.html
國泰世華,信用卡優惠,韓國玩美趁現在！韓國實體消費完成任務最高14.3%回饋,https://www.cathay-cube.com.tw/content/cub-aem-cs/zh-tw/cathaybk/personal/event/overview/credit-card/travel/202509/k-beauty.html
國泰世華,信用卡優惠,CASETiFY官網CUBE Visa信用卡專屬回饋,https://www.cathay-cube.com.tw/content/cub-aem-cs/zh-tw/cathaybk/personal/event/overview/credit-card/shopping/202509/CASETiFY.html
國泰世華,信用卡優惠,Apple直營店/Apple Store購新機國泰世華信用卡專屬活動,https://www.cathay-cube.com.tw/content/cub-aem-cs/zh-tw/cathaybk/personal/event/overview/credit-card/shopping/202509/apple3c.html
國泰世華,信用卡優惠,Apple直營店/Apple Store購新機Visa信用卡專屬活動,https://www.cathay-cube.com.tw/content/cub-aem-cs/zh-tw/cathaybk/personal/event/overview/credit-card/shopping/202509/applevisa.html
國泰世華,信用卡優惠,"燦坤3C
刷國泰世華信用卡",https://www.cathay-cube.com.tw/content/cub-aem-cs/zh-tw/cathaybk/personal/event/overview/credit-card/shopping/202509/tk3c.html
國泰世華,信用卡優惠,雀巢限定優惠！寶貝理財起步走,https://www.cathay-cube.com.tw/content/cub-aem-cs/zh-tw/cathaybk/personal/event/overview/credit-card/shopping/202509/nestle2025.html
國泰世華,信用卡優惠,"台北101歡慶週年慶
館內最高11.5%優惠+3.3%回饋",https://www.cathay-cube.com.tw/content/cub-aem-cs/zh-tw/cathaybk/personal/event/overview/credit-card/shopping/202509/cube101.html
國泰世華,信用卡優惠,湊湊火鍋·茶憩 & 呷哺呷哺火鍋 │刷卡獨享優惠,https://www.cathay-cube.com.tw/content/cub-aem-cs/zh-tw/cathaybk/personal/event/overview/credit-card/dining/202411/2024-xiabu.html
國泰世華,信用卡優惠,"日本唐吉訶德
最高10%免稅+滿額7%現折",https://www.cathay-cube.com.tw/content/cub-aem-cs/zh-tw/cathaybk/personal/event/overview/credit-card/travel/202509/jcbq3.html
國泰世華,信用卡優惠,"指定百貨週年慶
刷卡滿額享回饋",https://www.cathay-cube.com.tw/content/cub-aem-cs/zh-tw/cathaybk/personal/event/overview/credit-card/shopping/202508/areaq3dep.html
國泰世華,信用卡優惠,CUBE信用卡 X Uber/Uber Eats 強強聯手，專屬優惠禮遇,https://www.cathay-cube.com.tw/content/cub-aem-cs/zh-tw/cathaybk/personal/event/overview/credit-card/dining/202507/uberone.html
國泰世華,信用卡優惠,康是美週六卡友日,https://www.cathay-cube.com.tw/content/cub-aem-cs/zh-tw/cathaybk/personal/event/overview/credit-card/shopping/202501/2025-cosmed-bankday.html
國泰世華,信用卡優惠,"青年專屬簽帳金融卡優惠
限25歲(含)以下用戶",https://www.cathay-cube.com.tw/content/cub-aem-cs/zh-tw/cathaybk/personal/event/overview/credit-card/shopping/202501/debityouth.html
國泰世華,信用卡優惠,"屈臣氏官方網路商店/APP
刷CUBE卡最高享5.3%回饋",https://www.cathay-cube.com.tw/content/cub-aem-cs/zh-tw/cathaybk/personal/event/overview/credit-card/shopping/202507/2025-watsons-ec-cube-h2.html
國泰世華,信用卡優惠,"大樹藥局刷CUBE信用卡
月領月刷最高5%回饋",https://www.cathay-cube.com.tw/content/cub-aem-cs/zh-tw/cathaybk/personal/event/overview/credit-card/shopping/202507/greattree_2025H2.html
國泰世華,信用卡優惠,"星巴克儲值
刷CUBE信用卡最高享6.3%回饋",https://www.cathay-cube.com.tw/content/cub-aem-cs/zh-tw/cathaybk/personal/event/overview/credit-card/shopping/202507/2025_starbucks.html
國泰世華,信用卡優惠,國泰世華icash聯名卡,https://www.cathay-cube.com.tw/content/cub-aem-cs/zh-tw/cathaybk/personal/event/overview/credit-card/shopping/202507/icash202507.html
國泰世華,信用卡優惠,"可樂旅遊刷CUBE信用卡
趣旅行最高3.3%回饋",https://www.cathay-cube.com.tw/content/cub-aem-cs/zh-tw/cathaybk/personal/event/overview/credit-card/travel/202401/colatour2024.html
國泰世華,信用卡優惠,指定外送、旅遊最高5%,https://www.cathay-cube.com.tw/content/cub-aem-cs/zh-tw/cathaybk/personal/event/overview/credit-card/online-shopping/202506/sp-travel.html
國泰世華,信用卡優惠,KKday年度優惠,https://www.cathay-cube.com.tw/content/cub-aem-cs/zh-tw/cathaybk/personal/event/overview/credit-card/travel/202505/kkday.html
國泰世華,信用卡優惠,獨家卡友禮遇【台南晶英一泊二食專案】,https://www.cathay-cube.com.tw/content/cub-aem-cs/zh-tw/cathaybk/personal/event/overview/credit-card/travel/202503/SilksPlaceTainan2025.html
國泰世華,信用卡優惠,"亞洲萬里通聯名世界卡，
享「巧虎夢想樂園」門票7折起優惠！",https://www.cathay-cube.com.tw/content/cub-aem-cs/zh-tw/cathaybk/personal/event/overview/credit-card/travel/202509/chiaohu.html
國泰世華,信用卡優惠,"長榮航空極致無限卡，
享「巧虎夢想樂園」門票7折起優惠！",https://www.cathay-cube.com.tw/content/cub-aem-cs/zh-tw/cathaybk/personal/event/overview/credit-card/travel/202509/evachiaohu.html
國泰世華,信用卡優惠,Hotels.com全球訂房,https://www.cathay-cube.com.tw/content/cub-aem-cs/zh-tw/cathaybk/personal/event/overview/credit-card/travel/202501/hotelscom.html
國泰世華,信用卡優惠,"USPACE最高5.3%回饋
綁定CUBE信用卡領券即享",https://www.cathay-cube.com.tw/content/cub-aem-cs/zh-tw/cathaybk/personal/event/overview/credit-card/online-shopping/202503/USPACE2025.html
國泰世華,信用卡優惠,Trip.com年度優惠,https://www.cathay-cube.com.tw/content/cub-aem-cs/zh-tw/cathaybk/personal/event/overview/credit-card/travel/202501/trip-com.html
國泰世華,信用卡優惠,國泰世華『專屬美食優惠』 │餐餐盡享非凡體驗,https://www.cathay-cube.com.tw/content/cub-aem-cs/zh-tw/cathaybk/personal/event/overview/credit-card/dining/202501/2025-dining.html
國泰世華,信用卡優惠,全球通派車App訂車享最高3.8%回饋,https://www.cathay-cube.com.tw/content/cub-aem-cs/zh-tw/cathaybk/personal/event/overview/credit-card/transportation/2025/Global-Rental.html
國泰世華,信用卡優惠,Agoda 年度優惠,https://www.cathay-cube.com.tw/content/cub-aem-cs/zh-tw/cathaybk/personal/event/overview/credit-card/travel/202411/agoda-with-mastercard.html
國泰世華,信用卡優惠,"雄獅旅遊刷CUBE卡
自由行/訂房/票券均享優惠",https://www.cathay-cube.com.tw/content/cub-aem-cs/zh-tw/cathaybk/personal/event/overview/credit-card/travel/202501/liontravel20250.html
國泰世華,信用卡優惠,寒舍飯店集團CUBE信用卡活動,https://www.cathay-cube.com.tw/content/cub-aem-cs/zh-tw/cathaybk/personal/event/overview/credit-card/travel/202501/mhhgroup2025.html
國泰世華,信用卡優惠,"雲朗觀光旗下飯店專屬活動
刷CUBE卡享多重優惠",https://www.cathay-cube.com.tw/content/cub-aem-cs/zh-tw/cathaybk/personal/event/overview/credit-card/travel/202501/LDC2025.html
國泰世華,信用卡優惠,旅日優惠口袋｜刷國泰世華卡最划算,https://www.cathay-cube.com.tw/content/cub-aem-cs/zh-tw/cathaybk/personal/event/overview/credit-card/travel/202501/JP_DiscountPocket.html
國泰世華,信用卡優惠,AsiaYo年度優惠(APP限定),https://www.cathay-cube.com.tw/content/cub-aem-cs/zh-tw/cathaybk/personal/event/overview/credit-card/travel/202501/asiayo.html
國泰世華,信用卡優惠,"Klook全球飯店92折起
新戶享滿千折百",https://www.cathay-cube.com.tw/content/cub-aem-cs/zh-tw/cathaybk/personal/event/overview/credit-card/travel/202501/klook.html
國泰世華,信用卡優惠,Expedia全球訂房,https://www.cathay-cube.com.tw/content/cub-aem-cs/zh-tw/cathaybk/personal/event/overview/credit-card/travel/202501/expedia.html
國泰世華,信用卡優惠,全台飯店優惠｜刷國泰世華卡最划算,https://www.cathay-cube.com.tw/content/cub-aem-cs/zh-tw/cathaybk/personal/event/overview/credit-card/travel/202501/Hotels.html
國泰世華,信用卡優惠,刷卡繳稅享優惠,https://www.cathay-cube.com.tw/content/cub-aem-cs/zh-tw/cathaybk/personal/event/overview/credit-card/payment/2024/billpayment-tax-111.html
國泰世華,信用卡優惠,日本BicCamera刷國泰世華卡享優惠,https://www.cathay-cube.com.tw/content/cub-aem-cs/zh-tw/cathaybk/personal/event/overview/credit-card/travel/202411/BicCamera.html
國泰世華,信用卡優惠,代扣繳服務,https://www.cathay-cube.com.tw/content/cub-aem-cs/zh-tw/cathaybk/personal/event/overview/credit-card/payment/2024/billpayment-04.html
國泰世華,信用卡優惠,"愛地球
從申辦電子帳單開始",https://www.cathay-cube.com.tw/content/cub-aem-cs/zh-tw/cathaybk/personal/event/overview/credit-card/payment/2024/billpaymentq2.html
國泰世華,信用卡優惠,獨家卡友禮遇【2025萬豪度假會專案】,https://www.cathay-cube.com.tw/content/cub-aem-cs/zh-tw/cathaybk/personal/event/overview/credit-card/travel/202505/MarriottVacationClub2025.html
國泰世華,信用卡優惠,繳費平台,https://www.cathay-cube.com.tw/content/cub-aem-cs/zh-tw/cathaybk/personal/event/overview/credit-card/payment/2024/billpayment-04-2.html
國泰世華,信用卡優惠,樹享券,https://www.cathaybk.com.tw/cathaybk/promo/event/credit-card/product/treecoupon/index.html
國泰世華,信用卡優惠,線上繳信用卡費,https://www.cathay-cube.com.tw/content/cub-aem-cs/zh-tw/cathaybk/personal/event/overview/credit-card/payment/2024/billpayment.html
國泰世華,信用卡優惠,CUBE精選貴賓-限定任務,https://www.cathay-cube.com.tw/content/cub-aem-cs/zh-tw/cathaybk/personal/event/overview/digital-service/All/2025/CUBEPrimeEvent.html
國泰世華,信用卡優惠,手機提款感謝祭：跨轉優惠等你拿！,https://www.cathaybk.com.tw/cathaybk/personal/campaigns/ebanking/CardlessCash/
國泰世華,信用卡優惠,萊爾富首綁送萬點，交易再送Hi點,https://www.cathaybk.com.tw/cathaybk/campaign/atm/hiatm
國泰世華,信用卡優惠,基金投資500元起靈活投資富足未來,https://www.cathaybk.com.tw/cathaybk/promo/event/fund500/index.html
國泰世華,信用卡優惠,友你真好，舊戶優惠,https://www.cathaybk.com.tw/cathaybk/personal/campaigns/loan/loyalcust_loan
國泰世華,信用卡優惠,彈力貸,https://www.cathaybk.com.tw/cathaybk/promo/event/loan/product/revolving/index.html
國泰世華,信用卡優惠,大樹速貸,https://www.cathaybk.com.tw/cathaybk/promo/event/loan/product/treeloan/index.html
國泰世華,信用卡優惠,泰幸福信用貸款,https://www.cathaybk.com.tw/cathaybk/promo/event/loan/product/personalloan/index.html
國泰世華,信用卡優惠,iPhone17月月抽，開戶交易雙重禮,https://www.cathaybk.com.tw/cathaybk/promo/event/investment/product/2025/bsacctran2/index.html
國泰世華,信用卡優惠,育兒魔法 樹樹前,https://www.cathaybk.com.tw/cathaybk/promo/event/credit-card/2025/accio252H/index.html
國泰世華,信用卡優惠,好投資救地球！,https://www.cathaybk.com.tw/cathaybk/promo/event/investment/ESG/index.html
國泰世華,信用卡優惠,新戶限定！基金手續費0元,https://www.cathaybk.com.tw/cathaybk/personal/campaigns/ebanking/newacfund0
國泰世華,信用卡優惠,基金新朋友禮,https://www.cathaybk.com.tw/cathaybk/personal/campaigns/ebanking/newfundfriends
國泰世華,信用卡優惠,智能投資基金全平台終身 0 管理費,https://www.cathayrobo.com/welcome/activity/2024gbi
國泰世華,信用卡優惠,新戶限定！綁定LINE Pay Money完成任務享NT$300回饋,https://www.cathaybk.com.tw/cathaybk/personal/campaigns/ebanking/LINEPayMoney30_Campaign/
國泰世華,信用卡優惠,新帳戶綁定全盈支付享回饋,https://www.cathay-cube.com.tw/content/cub-aem-cs/zh-tw/cathaybk/personal/event/overview/Deposit/All/2025/familymart_payplus_202510.html
國泰世華,信用卡優惠,全支付日韓跨境消費享回饋,https://www.cathay-cube.com.tw/content/cub-aem-cs/zh-tw/cathaybk/personal/event/overview/Deposit/All/2025/PXPayPlus_Y25Q4_ACL_Campaign_Japan_Korea.html
國泰世華,信用卡優惠,全支付指定通路消費享回饋,https://www.cathay-cube.com.tw/content/cub-aem-cs/zh-tw/cathaybk/personal/event/overview/Deposit/All/2025/PXPayPlus_Y25Q4_ACL_Campaign.html
國泰世華,信用卡優惠,帳戶新戶連結全支付享回饋,https://www.cathay-cube.com.tw/content/cub-aem-cs/zh-tw/cathaybk/personal/event/overview/Deposit/All/2024/pxpay_202411_newaccount.html
國泰世華,信用卡優惠,青年專屬優惠大禮包適用對象:限25歲(含)以下用戶,https://www.cathay-cube.com.tw/content/cub-aem-cs/zh-tw/cathaybk/personal/event/overview/Deposit/All/2025/20251Hyouth.html
聯邦銀行,強打優惠,萊爾富５％現折,https://activity.ubot.com.tw/aws_act/2025/2025hilife/index.htm
聯邦銀行,強打優惠,New New Bank,https://newnewbank.com.tw/autopaycreditcardbill.htm?openExternalBrowser=1
聯邦銀行,強打優惠,百貨聖誕跨年慶,https://activity.ubot.com.tw/aws_act/2025/202512departmentstoreall/index.htm
聯邦銀行,強打優惠,全家便利商店,https://activity.ubot.com.tw/aws_act/2025/20251224familymart/index.htm
聯邦銀行,強打優惠,大全聯,https://activity.ubot.com.tw/aws_act/2025/202512megapxmart/index.htm
聯邦銀行,強打優惠,微風聯名卡首五日再加碼,https://activity.ubot.com.tw/aws_act/2025/2025breeze/index.htm
聯邦銀行,強打優惠,紅利換加密貨幣,https://activity.ubot.com.tw/aws_act/2025/2025MaiCoin/index.htm
聯邦銀行,強打優惠,Uber Eats,https://activity.ubot.com.tw/aws_act/2025/202507delivery/index.htm
聯邦銀行,強打優惠,分期0利率再贈刷卡金,https://activity.ubot.com.tw/aws_act/2025/202510storeinstallment/index.htm
聯邦銀行,強打優惠,萊爾富５％現折天天不限金額享現折無上限2025/01/01-2025/12/31,https://activity.ubot.com.tw/aws_act/2025/2025hilife/index.htm
聯邦銀行,強打優惠,New New Bank115/1/1-6/30新戶自動扣繳聯邦信用卡款享15%回饋2025/12/24-2026/06/30,https://newnewbank.com.tw/autopaycreditcardbill.htm?openExternalBrowser=1
聯邦銀行,強打優惠,百貨聖誕跨年慶刷聯邦分期０利率，滿額享2%回饋！  2025/12/01-2025/12/31,https://activity.ubot.com.tw/aws_act/2025/202512departmentstoreall/index.htm
聯邦銀行,強打優惠,"全家便利商店全家便利商店刷聯邦卡贈10,000 Fa點2025/12/24-2026/01/01",https://activity.ubot.com.tw/aws_act/2025/20251224familymart/index.htm
聯邦銀行,強打優惠,"大全聯刷聯邦滿額贈1,000點福利點2025/12/16-2025/12/31",https://activity.ubot.com.tw/aws_act/2025/202512megapxmart/index.htm
聯邦銀行,強打優惠,微風聯名卡首五日再加碼微風閃耀聖誕節！聯名卡總回饋高達18.43%！2025/12/03-2026/01/04,https://activity.ubot.com.tw/aws_act/2025/2025breeze/index.htm
聯邦銀行,強打優惠,紅利換加密貨幣聯邦紅利點數換加密貨幣序號，再加碼送新戶禮！2025/11/03-2026/12/31,https://activity.ubot.com.tw/aws_act/2025/2025MaiCoin/index.htm
聯邦銀行,強打優惠,Uber EatsUber Eats刷聯邦卡滿額最高10%回饋2025/07/01-2025/12/31,https://activity.ubot.com.tw/aws_act/2025/202507delivery/index.htm
聯邦銀行,強打優惠,分期0利率再贈刷卡金精選分期商店刷聯邦，分期0利率再贈刷卡金，最高贈2200元！2025/10/01-2026/03/31,https://activity.ubot.com.tw/aws_act/2025/202510storeinstallment/index.htm
聯邦銀行,強打優惠,Trip.com聯邦日,https://activity.ubot.com.tw/aws_act/2025/202511tripcom/index.htm
聯邦銀行,強打優惠,搭 yoxi 刷聯邦M卡,https://activity.ubot.com.tw/aws_act/2025/202508yoxi/index.htm
聯邦銀行,強打優惠,微風無限 回饋不設限,https://activity.ubot.com.tw/BreezeDiamond/index.htm
聯邦銀行,強打優惠,指定通路最高10.5%,https://activity.ubot.com.tw/LINEBankCard/index.htm
聯邦銀行,強打優惠,聯邦M卡,https://activity.ubot.com.tw/2025Mcard/index.htm
聯邦銀行,強打優惠,"Trip.com聯邦日週四刷聯邦Visa信用卡，全球機票／飯店滿額現折１,２００元2025/11/06-2025/12/31",https://activity.ubot.com.tw/aws_act/2025/202511tripcom/index.htm
聯邦銀行,強打優惠,搭 yoxi 刷聯邦M卡最高回饋17.6%2025/08/01-2025/12/31,https://activity.ubot.com.tw/aws_act/2025/202508yoxi/index.htm
聯邦銀行,強打優惠,微風無限 回饋不設限微風晶鑽/黑鑽無限卡 館內消費最高3.83%無上限2024/12/25-2025/12/31,https://activity.ubot.com.tw/BreezeDiamond/index.htm
聯邦銀行,強打優惠,指定通路最高10.5%消費回饋無上限，指定影音/網購/遊戲再享加碼 2025/07/29-2026/07/31,https://activity.ubot.com.tw/LINEBankCard/index.htm
聯邦銀行,強打優惠,聯邦M卡聯邦M卡海外實體商店3%無上限2025/01/01-2025/12/31,https://activity.ubot.com.tw/2025Mcard/index.htm
聯邦銀行,卡片優惠,賴點卡高回饋再現國內LINE Pay最高11%/國外3%無上限！2025/12/22-2026/06/30,https://activity.ubot.com.tw/2026LaiDianCard/index.htm
聯邦銀行,卡片優惠,吉鶴卡日本最高11% 國內人氣餐廳&日系名店享加碼優惠！2025/12/23-2026/06/30,https://activity.ubot.com.tw/2026JiHoCard/index.htm
聯邦銀行,卡片優惠,順發３Ｃ首刷禮順發３Ｃ聯名卡新戶首刷滿額享熱門精選好禮！2025/07/01-2025/12/31,https://activity.ubot.com.tw/aws_act/2025/2025sunfar/index.htm
聯邦銀行,卡片優惠,大立大樂聯名卡首刷禮大立、大樂一卡通聯名卡首刷滿額贈優質好禮！2025/07/01-2025/12/31,https://activity.ubot.com.tw/aws_act/2025/2025H2DollarsMall/index.htm
聯邦銀行,卡片優惠,聯邦微風新戶享好禮！聯邦微風聯名卡新戶首刷享好禮！2025/01/01-2025/12/31,https://activity.ubot.com.tw/aws_act/2025/2025breeze-shopping/index.htm
聯邦銀行,卡片優惠,全國加油卡首刷禮首辦首刷聯邦全國加油聯名卡尊享好禮多選一2025/01/01-2025/12/31,https://activity.ubot.com.tw/aws_act/2025/npcgas/index.htm
聯邦銀行,卡片優惠,賴點卡高回饋再現,https://activity.ubot.com.tw/2026LaiDianCard/index.htm
聯邦銀行,卡片優惠,吉鶴卡日本最高11%,https://activity.ubot.com.tw/2026JiHoCard/index.htm
聯邦銀行,卡片優惠,順發３Ｃ首刷禮,https://activity.ubot.com.tw/aws_act/2025/2025sunfar/index.htm
聯邦銀行,卡片優惠,大立大樂聯名卡首刷禮,https://activity.ubot.com.tw/aws_act/2025/2025H2DollarsMall/index.htm
聯邦銀行,卡片優惠,聯邦微風新戶享好禮！,https://activity.ubot.com.tw/aws_act/2025/2025breeze-shopping/index.htm
聯邦銀行,卡片優惠,全國加油卡首刷禮,https://activity.ubot.com.tw/aws_act/2025/npcgas/index.htm
聯邦銀行,卡片優惠,聯邦樂活卡新鮮事~聯邦樂活卡新鮮事，一起享生活。2025/01/01-2025/12/31,https://activity.ubot.com.tw/aws_act/2025/2025lohas-titanium/index.htm
聯邦銀行,卡片優惠,老虎城聯名卡新戶首刷老虎城悠遊聯名卡新戶好禮多選一！2025/01/01-2025/12/31,https://activity.ubot.com.tw/aws_act/2025/2025tigercity/index.htm
聯邦銀行,卡片優惠,2025幸福御守保險幸福加倍好禮二選一獨享保險交易加碼回饋或分期0利率2025/01/01-2025/12/31,https://activity.ubot.com.tw/aws_act/2024/2024happydouble/index.htm
聯邦銀行,卡片優惠,2025聯邦世界卡聯邦世界卡，遨遊世界便利通行！2025/01/01-2025/12/31,https://activity.ubot.com.tw/aws_act/2025/ubworld/index.htm
聯邦銀行,卡片優惠,2025聯邦無限卡聯邦無限卡，百貨餐廳無限尊寵！2025/01/01-2025/12/31,https://activity.ubot.com.tw/aws_act/2025/ubinfinite/index.htm
聯邦銀行,卡片優惠,聯邦樂活卡新鮮事~,https://activity.ubot.com.tw/aws_act/2025/2025lohas-titanium/index.htm
聯邦銀行,卡片優惠,老虎城聯名卡新戶首刷,https://activity.ubot.com.tw/aws_act/2025/2025tigercity/index.htm
聯邦銀行,卡片優惠,2025幸福御守保險,https://activity.ubot.com.tw/aws_act/2024/2024happydouble/index.htm
聯邦銀行,卡片優惠,2025聯邦世界卡,https://activity.ubot.com.tw/aws_act/2025/ubworld/index.htm
聯邦銀行,卡片優惠,2025聯邦無限卡,https://activity.ubot.com.tw/aws_act/2025/ubinfinite/index.htm
聯邦銀行,百貨零售,全聯卡友日就是愛刷聯邦卡~週末到全聯刷聯邦最高享３％福利點回饋2025/12/05-2026/01/08,https://activity.ubot.com.tw/aws_act/2025/202512pxmart/index.htm
聯邦銀行,百貨零售,刷聯邦送好禮刷聯邦單筆滿額送好禮，嗨玩翻翻樂！2025/11/26-2025/12/31,https://activity.ubot.com.tw/aws_act/2025/20251126hilife/index.htm
聯邦銀行,百貨零售,昇恆昌～免稅購物出國必逛昇恆昌樂享免稅優惠！滿額最高送２０００元刷卡金！  2025/10/01-2025/12/31,https://activity.ubot.com.tw/aws_act/2025/2025q4everrich/index.htm
聯邦銀行,百貨零售,指定通路天天省錢５好康指定通路刷聯邦天天省錢５好康，滿額享５％刷卡金回饋！2025/07/01-2025/12/31,https://activity.ubot.com.tw/aws_act/2025/202507supermarket/index.htm
聯邦銀行,百貨零售,全聯卡友日,https://activity.ubot.com.tw/aws_act/2025/202512pxmart/index.htm
聯邦銀行,百貨零售,刷聯邦送好禮,https://activity.ubot.com.tw/aws_act/2025/20251126hilife/index.htm
聯邦銀行,百貨零售,昇恆昌～免稅購物,https://activity.ubot.com.tw/aws_act/2025/2025q4everrich/index.htm
聯邦銀行,百貨零售,指定通路天天省錢５好康,https://activity.ubot.com.tw/aws_act/2025/202507supermarket/index.htm
聯邦銀行,百貨零售,屈臣氏刷聯邦最高享10%回饋2025/07/01-2025/12/31,https://activity.ubot.com.tw/aws_act/2025/202510drugstore/index.htm
聯邦銀行,百貨零售,康是美刷聯邦滿額贈100元現金折價券2025/07/01-2025/12/31,https://activity.ubot.com.tw/aws_act/2025/202510drugstore/index.htm?p=cosmed
聯邦銀行,百貨零售,萊爾富刷聯邦送好禮萊爾富刷聯邦單筆滿額送好禮，嗨玩翻翻樂！2025/11/26-2025/12/31,https://activity.ubot.com.tw/aws_act/2025/20251126hilife/index.htm
聯邦銀行,百貨零售,愛買聯邦日愛買聯邦日週六滿額贈１００元，分期滿額天天贈２００元2025/07/01-2025/12/31,https://activity.ubot.com.tw/aws_act/2025/2025amart/index.htm
聯邦銀行,百貨零售,Tomod's刷吉鶴卡享加碼4%回饋2025/07/01-2025/12/31,https://activity.ubot.com.tw/aws_act/2025/202510drugstore/index.htm?p=tomods
聯邦銀行,百貨零售,特力屋新春加馬送特力屋新春加馬送，刷聯邦滿額送好禮！  2025/12/25-2026/02/24,https://activity.ubot.com.tw/aws_act/2026/202601trplus/index.htm
聯邦銀行,百貨零售,聯邦陪你一起變美麗ORBIS刷聯邦單筆滿額贈100元購物金！2025/11/01-2026/10/31,https://activity.ubot.com.tw/aws_act/2025/202511orbis/index.htm
聯邦銀行,百貨零售,屈臣氏,https://activity.ubot.com.tw/aws_act/2025/202510drugstore/index.htm
聯邦銀行,百貨零售,康是美,https://activity.ubot.com.tw/aws_act/2025/202510drugstore/index.htm?p=cosmed
聯邦銀行,百貨零售,萊爾富刷聯邦送好禮,https://activity.ubot.com.tw/aws_act/2025/20251126hilife/index.htm
聯邦銀行,百貨零售,愛買聯邦日,https://activity.ubot.com.tw/aws_act/2025/2025amart/index.htm
聯邦銀行,百貨零售,Tomod's,https://activity.ubot.com.tw/aws_act/2025/202510drugstore/index.htm?p=tomods
聯邦銀行,百貨零售,特力屋新春加馬送,https://activity.ubot.com.tw/aws_act/2026/202601trplus/index.htm
聯邦銀行,百貨零售,聯邦陪你一起變美麗,https://activity.ubot.com.tw/aws_act/2025/202511orbis/index.htm
聯邦銀行,旅遊優惠,出國權益專區機場接送／外圍停車／貴賓室服務／旅遊保險權益看這裡2024/12/31-2025/12/31,https://activity.ubot.com.tw/aws_act/abroad/index.htm
聯邦銀行,旅遊優惠,聯邦陪您輕鬆玩世界指定旅遊通路刷聯邦，跨通路累積滿額最高贈９千元刷卡金！2025/10/01-2025/12/31,https://activity.ubot.com.tw/aws_act/2025/202510travel/index.htm
聯邦銀行,旅遊優惠,日本指定大眾交通運輸刷聯邦JCB卡感應支付最高享50%回饋！2025/07/01-2026/06/30,https://activity.ubot.com.tw/aws_act/2025/2025jcb/tag/index.htm
聯邦銀行,旅遊優惠,Trip.com刷聯邦Visa卡訂房最高享8%折扣！  2025/05/01-2026/12/31,https://activity.ubot.com.tw/aws_act/2025/2025visa_offers/tripcom07/index.htm
聯邦銀行,旅遊優惠,Hotels.com訂房刷聯邦JCB 最高享10%OFF！  2025/08/01-2025/12/31,https://activity.ubot.com.tw/aws_act/2025/2025jcb/hotelscom/index.htm
聯邦銀行,旅遊優惠,"Trip.com月底救星刷聯邦Visa卡機票飯店滿額現折1,000元2025/10/01-2026/03/31",https://activity.ubot.com.tw/aws_act/2025/2025visa_offers/tripcom08/index.htm
聯邦銀行,旅遊優惠,聯邦賴點卡遊韓狂享30%樂天超市/百貨/免稅店、CU超商、ABC Mart最高30%2025/11/01-2025/12/31,https://activity.ubot.com.tw/aws_act/2025/2025q4linepay_korea/index.htm
聯邦銀行,旅遊優惠,東武鐵道日光之旅刷聯邦JCB卡享最高50%現金回饋2025/11/07-2025/12/31,https://activity.ubot.com.tw/aws_act/2025/2025jcb/Tobu-Japantrip/index.htm
聯邦銀行,旅遊優惠,出國權益專區,https://activity.ubot.com.tw/aws_act/abroad/index.htm
聯邦銀行,旅遊優惠,聯邦陪您輕鬆玩世界,https://activity.ubot.com.tw/aws_act/2025/202510travel/index.htm
聯邦銀行,旅遊優惠,日本指定大眾交通運輸,https://activity.ubot.com.tw/aws_act/2025/2025jcb/tag/index.htm
聯邦銀行,旅遊優惠,Trip.com,https://activity.ubot.com.tw/aws_act/2025/2025visa_offers/tripcom07/index.htm
聯邦銀行,旅遊優惠,Hotels.com,https://activity.ubot.com.tw/aws_act/2025/2025jcb/hotelscom/index.htm
聯邦銀行,旅遊優惠,Trip.com月底救星,https://activity.ubot.com.tw/aws_act/2025/2025visa_offers/tripcom08/index.htm
聯邦銀行,旅遊優惠,聯邦賴點卡遊韓狂享30%,https://activity.ubot.com.tw/aws_act/2025/2025q4linepay_korea/index.htm
聯邦銀行,旅遊優惠,東武鐵道日光之旅,https://activity.ubot.com.tw/aws_act/2025/2025jcb/Tobu-Japantrip/index.htm
聯邦銀行,旅遊優惠,可樂旅遊可樂旅遊Club Med自由行全系列商品限時95折優惠！2025/02/03-2025/12/31,https://activity.ubot.com.tw/aws_act/2025/202507colatour_clubmed/index.htm
聯邦銀行,旅遊優惠,日本環球影城園前飯店刷聯邦JCB卡住宿享區域入場保證及特快入場券一組 2025/01/01-2025/12/31,https://activity.ubot.com.tw/aws_act/2025/2025jcb-usj/index.htm
聯邦銀行,旅遊優惠,多慶屋專屬優惠刷吉鶴卡享10%免稅及12%折扣！2025/07/01-2026/04/30,https://activity.ubot.com.tw/aws_act/2025/2025TAKEYA/index.htm
聯邦銀行,旅遊優惠,"日本指定百貨刷聯邦JCB卡最高享3,000日圓回饋  2025/10/01-2026/03/31",https://activity.ubot.com.tw/aws_act/2025/2025jcb/lalaport_1/index.htm
聯邦銀行,旅遊優惠,2025國內飯店優惠精選國內飯店，聯邦卡友尊享入住禮遇2025/02/01-2025/12/31,https://card.ubot.com.tw/ECARD/ACTIVITY/2025hotel/index.aspx
聯邦銀行,旅遊優惠,日本GO TaxiAPP叫車刷聯邦JCB卡支付車費滿額享30%回饋！ 2025/09/01-2026/02/14,https://activity.ubot.com.tw/aws_act/2025/2025jcb/go_taxi/index.htm
聯邦銀行,旅遊優惠,聯邦租Ｗｉｆｉ享優惠出國上網超ｅａｓｙ，刷聯邦租借Ｗｉｆｉ享優惠2025/01/01-2025/12/31,https://activity.ubot.com.tw/aws_act/2025/2025wifi/index.htm
聯邦銀行,旅遊優惠,AsiaYo聯邦卡享優惠AsiaYo亞洲遊App刷聯邦卡訂房最高享６％現折優惠！2025/01/01-2025/12/31,http://61.219.193.132/eCard/activityAWS/aws_act/2025/2025asiayo/index.htm
聯邦銀行,旅遊優惠,"太平洋旅行社太平洋旅行社行程團費刷聯邦卡，每人最高現折2,000元！2025/02/01-2025/12/31",https://activity.ubot.com.tw/aws_act/2025/pac_group/index.htm
聯邦銀行,旅遊優惠,可樂旅遊,https://activity.ubot.com.tw/aws_act/2025/202507colatour_clubmed/index.htm
聯邦銀行,旅遊優惠,日本環球影城園前飯店,https://activity.ubot.com.tw/aws_act/2025/2025jcb-usj/index.htm
聯邦銀行,旅遊優惠,多慶屋專屬優惠,https://activity.ubot.com.tw/aws_act/2025/2025TAKEYA/index.htm
聯邦銀行,旅遊優惠,日本指定百貨,https://activity.ubot.com.tw/aws_act/2025/2025jcb/lalaport_1/index.htm
聯邦銀行,旅遊優惠,2025國內飯店優惠,https://card.ubot.com.tw/ECARD/ACTIVITY/2025hotel/index.aspx
聯邦銀行,旅遊優惠,日本GO Taxi,https://activity.ubot.com.tw/aws_act/2025/2025jcb/go_taxi/index.htm
聯邦銀行,旅遊優惠,聯邦租Ｗｉｆｉ享優惠,https://activity.ubot.com.tw/aws_act/2025/2025wifi/index.htm
聯邦銀行,旅遊優惠,AsiaYo聯邦卡享優惠,http://61.219.193.132/eCard/activityAWS/aws_act/2025/2025asiayo/index.htm
聯邦銀行,旅遊優惠,太平洋旅行社,https://activity.ubot.com.tw/aws_act/2025/pac_group/index.htm
聯邦銀行,旅遊優惠,"阿蘇熊本機場免稅店刷聯邦JCB卡現折1,000日圓2025/03/01-2026/02/28",https://activity.ubot.com.tw/aws_act/2025/2025jcb/KMTairport/index.htm
聯邦銀行,旅遊優惠,完美行．日本免稅購物旅日免稅購物先上完美行，刷聯邦卡最高享18%優惠！  2025/11/06-2026/04/30,https://activity.ubot.com.tw/aws_act/2025/202510wamazing/index.htm
聯邦銀行,旅遊優惠,阿蘇熊本機場免稅店,https://activity.ubot.com.tw/aws_act/2025/2025jcb/KMTairport/index.htm
聯邦銀行,旅遊優惠,完美行．日本免稅購物,https://activity.ubot.com.tw/aws_act/2025/202510wamazing/index.htm
聯邦銀行,交通汽修,114年高鐵商務車廂升等高鐵購票刷聯邦卡，尊享商務車廂升等優惠！  2025/01/01-2025/12/31,https://card.ubot.com.tw/eCard/activity/202501THSRC/index.htm
聯邦銀行,交通汽修,旅行搭高鐵加碼再優惠聯邦卡高鐵假期折抵１千元；高鐵票八折再享市區接送2025/10/01-2025/12/31,https://activity.ubot.com.tw/aws_act/2025/canlead/index.htm
聯邦銀行,交通汽修,易遊網高鐵假期易遊網高鐵假期，高鐵聯票刷聯邦滿額現折180元2025/11/01-2026/04/30,https://activity.ubot.com.tw/aws_act/2025/20251101eztravel/index.htm
聯邦銀行,交通汽修,租車出遊刷聯邦聯邦、和運、Avis艾維士、中租租車刷聯邦卡最高享6折優惠2025/01/01-2025/12/31,https://activity.ubot.com.tw/aws_act/2025/2025car/index.htm
聯邦銀行,交通汽修,全國特急電刷聯邦平日離峰每度電5.9元，滿額再贈手工頂級腊無限次洗車！2025/09/01-2025/12/31,https://activity.ubot.com.tw/aws_act/2025/202509POWEREXPRESS/index.htm  
聯邦銀行,交通汽修,115年高鐵商務車廂升等聯邦卡友尊榮優待｜高鐵購票刷聯邦享商務車廂升等優惠2025/12/30-2026/12/31,https://card.ubot.com.tw/eCard/activity/202601THSRC/index.htm
聯邦銀行,交通汽修,全國加油站天天享優惠全國加油站刷聯邦卡，天天汽油每公升最高享１.２元降價優惠！ 2025/07/01-2025/12/31,https://activity.ubot.com.tw/aws_act/2025/202507oil/index.htm
聯邦銀行,交通汽修,可樂旅遊可樂旅遊高鐵假期刷聯邦卡尊享９折，加購高鐵票享７７折起優惠！2025/01/01-2025/12/31,https://activity.ubot.com.tw/aws_act/2025/2025colatour_hsr/index.htm
聯邦銀行,交通汽修,114年高鐵商務車廂升等,https://card.ubot.com.tw/eCard/activity/202501THSRC/index.htm
聯邦銀行,交通汽修,旅行搭高鐵加碼再優惠,https://activity.ubot.com.tw/aws_act/2025/canlead/index.htm
聯邦銀行,交通汽修,易遊網高鐵假期,https://activity.ubot.com.tw/aws_act/2025/20251101eztravel/index.htm
聯邦銀行,交通汽修,租車出遊刷聯邦,https://activity.ubot.com.tw/aws_act/2025/2025car/index.htm
聯邦銀行,交通汽修,全國特急電刷聯邦,https://activity.ubot.com.tw/aws_act/2025/202509POWEREXPRESS/index.htm  
聯邦銀行,交通汽修,115年高鐵商務車廂升等,https://card.ubot.com.tw/eCard/activity/202601THSRC/index.htm
聯邦銀行,交通汽修,全國加油站天天享優惠,https://activity.ubot.com.tw/aws_act/2025/202507oil/index.htm
聯邦銀行,交通汽修,一卡通綠點兩倍送聯邦與一卡通邀您減碳愛地球，指定卡享一卡通綠點兩倍送2024/08/01-2025/12/31,https://activity.ubot.com.tw/aws_act/2025/ipassGreenPoints/index.htm
聯邦銀行,交通汽修,Gogoro刷聯邦卡享12期0利率，滿額再享最高2400元刷卡金2025/10/01-2025/12/31,https://activity.ubot.com.tw/aws_act/2025/202510gogoro/index.htm
聯邦銀行,交通汽修,一卡通綠點兩倍送,https://activity.ubot.com.tw/aws_act/2025/ipassGreenPoints/index.htm
聯邦銀行,交通汽修,Gogoro,https://activity.ubot.com.tw/aws_act/2025/202510gogoro/index.htm
聯邦銀行,網購數位,"1212年終回饋盛典刷聯邦卡滿額最高贈1,800元刷卡金！2025/12/01-2025/12/31",https://activity.ubot.com.tw/aws_act/2025/20251201pchome/index.htm
聯邦銀行,網購數位,網購雙12年終購物節刷聯邦卡最高享12%回饋！2025/12/01-2025/12/31,https://activity.ubot.com.tw/aws_act/2025/20251201ec/index.htm 
聯邦銀行,網購數位,12.12狂歡生日慶刷聯邦卡滿額最高享12%回饋！2025/12/01-2025/12/31,https://activity.ubot.com.tw/aws_act/2025/20251201shopee/index.htm
聯邦銀行,網購數位,Apple直營店/官網刷聯邦卡滿額登錄享最高6期0利率或最高1200回饋2025/09/01-2025/12/31,https://activity.ubot.com.tw/aws_act/2025/202509apple/index.htm
聯邦銀行,網購數位,1212年終派對刷聯邦卡滿額最高享12%回饋！2025/12/01-2025/12/31,https://activity.ubot.com.tw/aws_act/2025/20251201momo/index.htm
聯邦銀行,網購數位,電信優惠機不可失刷聯邦卡分期滿額最高贈1200刷卡金2025/09/01-2025/12/31,https://activity.ubot.com.tw/aws_act/2025/202509phone/index.htm
聯邦銀行,網購數位,聯邦ARSApple購機刷聯邦享12期0利率及最高3000元回饋2025/09/19-2025/12/31,https://activity.ubot.com.tw/aws_act/2025/202509ars/index.htm
聯邦銀行,網購數位,Apple 服務刷聯邦JCB卡滿額享100元現金回饋！2025/11/28-2026/03/15,https://activity.ubot.com.tw/aws_act/2025/2025jcb/Apple/index.htm
聯邦銀行,網購數位,1212年終回饋盛典,https://activity.ubot.com.tw/aws_act/2025/20251201pchome/index.htm
聯邦銀行,網購數位,網購雙12年終購物節,https://activity.ubot.com.tw/aws_act/2025/20251201ec/index.htm 
聯邦銀行,網購數位,12.12狂歡生日慶,https://activity.ubot.com.tw/aws_act/2025/20251201shopee/index.htm
聯邦銀行,網購數位,Apple直營店/官網,https://activity.ubot.com.tw/aws_act/2025/202509apple/index.htm
聯邦銀行,網購數位,1212年終派對,https://activity.ubot.com.tw/aws_act/2025/20251201momo/index.htm
聯邦銀行,網購數位,電信優惠機不可失,https://activity.ubot.com.tw/aws_act/2025/202509phone/index.htm
聯邦銀行,網購數位,聯邦ARS,https://activity.ubot.com.tw/aws_act/2025/202509ars/index.htm
聯邦銀行,網購數位,Apple 服務,https://activity.ubot.com.tw/aws_act/2025/2025jcb/Apple/index.htm
聯邦銀行,網購數位,foodpandafoodpanda刷聯邦卡滿額最高10%回饋  2025/07/01-2025/12/31,https://activity.ubot.com.tw/aws_act/2025/202507delivery/index.htm
聯邦銀行,網購數位,天天都是網購聯邦日刷聯邦卡最高享12%回饋！2025/07/01-2025/12/31,https://activity.ubot.com.tw/aws_act/2025/20250701ecubday/index.htm
聯邦銀行,網購數位,全月滿額贈刷聯邦卡滿額最高享10%回饋！2025/12/01-2025/12/31,https://activity.ubot.com.tw/aws_act/2025/20251201taobao/index.htm
聯邦銀行,網購數位,"全國電子全月活動全國電子刷聯邦分期滿額最高贈3,000元2025/10/01-2025/12/31",https://activity.ubot.com.tw/aws_act/2025/202510elife/index.htm
聯邦銀行,網購數位,1212購物節刷聯邦卡滿額最高享10%回饋！2025/12/01-2025/12/31,https://activity.ubot.com.tw/aws_act/2025/20251201coupang/index.htm
聯邦銀行,網購數位,yesgogogo即食購卡友註冊yesgogogo美食電商會員，免費送價值仟元加碼禮2025/07/01-2025/12/31,https://activity.ubot.com.tw/aws_act/2025/2025yesgogogo/index.htm
聯邦銀行,網購數位,foodpanda,https://activity.ubot.com.tw/aws_act/2025/202507delivery/index.htm
聯邦銀行,網購數位,天天都是網購聯邦日,https://activity.ubot.com.tw/aws_act/2025/20250701ecubday/index.htm
聯邦銀行,網購數位,全月滿額贈,https://activity.ubot.com.tw/aws_act/2025/20251201taobao/index.htm
聯邦銀行,網購數位,全國電子全月活動,https://activity.ubot.com.tw/aws_act/2025/202510elife/index.htm
聯邦銀行,網購數位,1212購物節,https://activity.ubot.com.tw/aws_act/2025/20251201coupang/index.htm
聯邦銀行,網購數位,yesgogogo即食購,https://activity.ubot.com.tw/aws_act/2025/2025yesgogogo/index.htm
聯邦銀行,生活繳費,保費輕鬆繳繳保費刷聯邦Visa卡滿額享12期0%優惠2025/12/30-2026/12/31,https://activity.ubot.com.tw/aws_act/2026/2026ins/index.htm
聯邦銀行,生活繳費,聯邦好友健康力免費送填寫資料立即免費索取體驗包2025/12/01-2026/03/31,https://activity.ubot.com.tw/aws_act/2025/20251114010/index.htm
聯邦銀行,生活繳費,壽險分期輕鬆繳壽險刷聯邦Visa卡最高享12期０％2025/01/01-2025/12/31,https://activity.ubot.com.tw/aws_act/2025/2025ins/index.htm
聯邦銀行,生活繳費,學費分期優利輕鬆繳繳學費不限金額免手續費，分期優利2.38%起！2025/07/01-2025/12/31,https://activity.ubot.com.tw/aws_act/2025/2025summerschool/index.htm
聯邦銀行,生活繳費,iPASS MONEYiPASS MONEY綁定聯邦卡消費享10%回饋！2025/10/01-2025/12/31,https://activity.ubot.com.tw/aws_act/2025/202510ipassmoney/index.htm
聯邦銀行,生活繳費,2025聯邦卡做公益聯邦銀行邀請您一同響應公益，紅利點數變愛心2025/01/01-2025/12/31,https://activity.ubot.com.tw/aws_act/2025/2025donation/index.htm
聯邦銀行,生活繳費,紅利換Hi點【聯邦紅利換萊爾富Hi點】折抵店內消費好好用！2025/01/01-2025/12/31,https://activity.ubot.com.tw/aws_act/2025/2025HiPoint/index.htm
聯邦銀行,生活繳費,保費輕鬆繳,https://activity.ubot.com.tw/aws_act/2026/2026ins/index.htm
聯邦銀行,生活繳費,聯邦好友健康力免費送,https://activity.ubot.com.tw/aws_act/2025/20251114010/index.htm
聯邦銀行,生活繳費,壽險分期輕鬆繳,https://activity.ubot.com.tw/aws_act/2025/2025ins/index.htm
聯邦銀行,生活繳費,學費分期優利輕鬆繳,https://activity.ubot.com.tw/aws_act/2025/2025summerschool/index.htm
聯邦銀行,生活繳費,iPASS MONEY,https://activity.ubot.com.tw/aws_act/2025/202510ipassmoney/index.htm
聯邦銀行,生活繳費,2025聯邦卡做公益,https://activity.ubot.com.tw/aws_act/2025/2025donation/index.htm
聯邦銀行,生活繳費,紅利換Hi點,https://activity.ubot.com.tw/aws_act/2025/2025HiPoint/index.htm
聯邦銀行,生活繳費,刷卡即時簡訊刷卡簡訊速速傳，讓您消費更安心！2024/01/01-2025/12/31,https://card.ubot.com.tw/eCard/activity/20150302message/index.htm
聯邦銀行,生活繳費,世界展望會 紅包傳愛世界展望會紅包傳愛，陪伴孩子成為更好的大人！2025/01/01-2025/12/31,https://activity.ubot.com.tw/aws_act/2025/2025redpocket/index.htm
聯邦銀行,生活繳費,刷卡即時簡訊,https://card.ubot.com.tw/eCard/activity/20150302message/index.htm
聯邦銀行,生活繳費,世界展望會 紅包傳愛,https://activity.ubot.com.tw/aws_act/2025/2025redpocket/index.htm
聯邦銀行,購物娛樂,open錢包open錢包綁定聯邦卡最高享10%回饋2025/07/01-2025/12/31,https://card.ubot.com.tw/eCard/activity/2025Q3OPWALLET/index.htm
聯邦銀行,購物娛樂,全支付全支付綁定聯邦卡消費最高享２３％回饋2025/07/01-2025/12/31,https://activity.ubot.com.tw/aws_act/2025/202507pxpayplus/index.htm
聯邦銀行,購物娛樂,五星饗宴刷聯邦JCB晶緻卡預訂指定餐廳享兩人同行六折優惠 2025/01/01-2025/12/31,https://activity.ubot.com.tw/aws_act/2025/2025jcb/restaurant/index.htm
聯邦銀行,購物娛樂,頂級饗宴刷聯邦Visa 無限/御璽卡預訂指定餐廳享兩人同行8折優惠2025/01/01-2025/12/31,https://activity.ubot.com.tw/aws_act/2025/2025visa_offers/food/index.htm
聯邦銀行,購物娛樂,食在日系指定日系美饌刷聯邦JCB卡享50元現折優惠  2025/01/01-2025/12/31,https://activity.ubot.com.tw/aws_act/2025/2025jcb/japanesefood/index.htm
聯邦銀行,購物娛樂,火鍋燒肉餐酒館刷聯邦Visa 卡預訂指定餐廳享85折優惠  2024/12/31-2025/12/31,https://activity.ubot.com.tw/aws_act/2025/2025visa_offers/restaurant85/index.htm
聯邦銀行,購物娛樂,日系經典名店刷聯邦JCB卡最高享10%現折優惠  2025/01/01-2025/12/31,https://activity.ubot.com.tw/aws_act/2025/2025jcbfamousstores/index.htm
聯邦銀行,購物娛樂,饗食佳餚刷聯邦Visa 無限卡預訂指定餐廳享75折優惠  2024/12/31-2025/12/31,https://activity.ubot.com.tw/aws_act/2025/2025visa_offers/restaurant75/index.htm
聯邦銀行,購物娛樂,饗食佳餚刷聯邦Visa 御璽卡預訂指定餐廳享8折優惠  2024/12/31-2025/12/31,https://activity.ubot.com.tw/aws_act/2025/2025visa_offers/restaurant8/index.htm
聯邦銀行,購物娛樂,open錢包,https://card.ubot.com.tw/eCard/activity/2025Q3OPWALLET/index.htm
聯邦銀行,購物娛樂,全支付,https://activity.ubot.com.tw/aws_act/2025/202507pxpayplus/index.htm
聯邦銀行,購物娛樂,五星饗宴,https://activity.ubot.com.tw/aws_act/2025/2025jcb/restaurant/index.htm
聯邦銀行,購物娛樂,頂級饗宴,https://activity.ubot.com.tw/aws_act/2025/2025visa_offers/food/index.htm
聯邦銀行,購物娛樂,食在日系,https://activity.ubot.com.tw/aws_act/2025/2025jcb/japanesefood/index.htm
聯邦銀行,購物娛樂,火鍋燒肉餐酒館,https://activity.ubot.com.tw/aws_act/2025/2025visa_offers/restaurant85/index.htm
聯邦銀行,購物娛樂,日系經典名店,https://activity.ubot.com.tw/aws_act/2025/2025jcbfamousstores/index.htm
聯邦銀行,購物娛樂,饗食佳餚,https://activity.ubot.com.tw/aws_act/2025/2025visa_offers/restaurant75/index.htm
聯邦銀行,購物娛樂,"周大福周大福刷聯邦，珠寶商品每滿30,000元，現抵1,500元2025/03/01-2025/12/31",https://activity.ubot.com.tw/aws_act/2025/2025chowtaifook/index.htm
聯邦銀行,購物娛樂,品享下午茶刷聯邦Visa白金卡預訂指定餐廳享下午茶優惠價767元起  2025/01/01-2025/12/31,https://activity.ubot.com.tw/aws_act/2025/2025visa_offers/afternoontea/index.htm
聯邦銀行,購物娛樂,國賓看電影６５折起全台國賓影城刷聯邦卡，尊享優惠票價６５折起2025/01/01-2025/12/31,https://activity.ubot.com.tw/aws_act/2024/2024ambassador/index.htm
聯邦銀行,購物娛樂,聯邦精選特店優惠聯邦卡友尊享吃喝玩樂精選特店，精彩您的生活每一天！2025/05/01-2025/12/31,https://card.ubot.com.tw/ECARD/ACTIVITY/2025perfectlife/index.aspx
聯邦銀行,購物娛樂,周大福,https://activity.ubot.com.tw/aws_act/2025/2025chowtaifook/index.htm
聯邦銀行,購物娛樂,品享下午茶,https://activity.ubot.com.tw/aws_act/2025/2025visa_offers/afternoontea/index.htm
聯邦銀行,購物娛樂,國賓看電影６５折起,https://activity.ubot.com.tw/aws_act/2024/2024ambassador/index.htm
聯邦銀行,購物娛樂,聯邦精選特店優惠,https://card.ubot.com.tw/ECARD/ACTIVITY/2025perfectlife/index.aspx
